Sentence,Paper Name,Intrinsic Hallucination,Extrinsic Hallucination,Aspect,Hallucination
"In this work, we propose a novel approach to 3D Gaussian Splatting (3DGS) that extends the traditional EWA splatting formulation to support arbitrary camera models and complex time-dependent effects such as rolling shutter.",3DGUT: Enabling Distorted Cameras and Secondary Rays in Gaussian Splatting,Yes,No,Contribution,1
"We propose a rasterization-based formulation that approximates the particles through sigma points, which can be projected exactly under any nonlinear projection function.",3DGUT: Enabling Distorted Cameras and Secondary Rays in Gaussian Splatting,No,No,Methodology,0
"This allows us to render the same representation with rasterization and ray-tracing, enabling secondary rays to be used for secondary effects such as reflections and refraction.",3DGUT: Enabling Distorted Cameras and Secondary Rays in Gaussian Splatting,No,No,Contribution,0
"The proposed method aligns the rendering formulation with the one of ray-tracing, enabling a hybrid rendering technique within the same representation.",3DGUT: Enabling Distorted Cameras and Secondary Rays in Gaussian Splatting,No,No,Contribution,0
We evaluate the proposed approach on multiple datasets and compare its performance to existing methods.,3DGUT: Enabling Distorted Cameras and Secondary Rays in Gaussian Splatting,No,No,Main Results,0
"We propose a rasterization-based formulation for 3D Gaussian Splatting that approximates the particles through sigma points, which can be projected exactly under any nonlinear projection function.",3DGUT: Enabling Distorted Cameras and Secondary Rays in Gaussian Splatting,No,No,Methodology,0
"We align the rendering formulation with the one of ray-tracing, enabling a hybrid rendering technique within the same representation.",3DGUT: Enabling Distorted Cameras and Secondary Rays in Gaussian Splatting,No,No,Contribution,0
We evaluate the proposed approach on multiple datasets and compare its performance to existing methods.,3DGUT: Enabling Distorted Cameras and Secondary Rays in Gaussian Splatting,No,No,Main Results,0
We provide a detailed implementation and training process for the proposed method.,3DGUT: Enabling Distorted Cameras and Secondary Rays in Gaussian Splatting,No,No,Methodology,0
We evaluate the proposed approach on multiple datasets and compare its performance to existing methods.,3DGUT: Enabling Distorted Cameras and Secondary Rays in Gaussian Splatting,No,No,Main Results,0
We provide a detailed implementation and training process for the proposed method.,3DGUT: Enabling Distorted Cameras and Secondary Rays in Gaussian Splatting,No,No,Methodology,0
We evaluate the proposed approach on multiple datasets and compare its performance to existing methods.,3DGUT: Enabling Distorted Cameras and Secondary Rays in Gaussian Splatting,No,No,Main Results,0
We provide a detailed implementation and training process for the proposed method.,3DGUT: Enabling Distorted Cameras and Secondary Rays in Gaussian Splatting,No,No,Methodology,0
We evaluate the proposed approach on multiple datasets and compare its performance to existing methods.,3DGUT: Enabling Distorted Cameras and Secondary Rays in Gaussian Splatting,No,No,Main Results,0
We provide a detailed implementation and training process for the proposed method.,3DGUT: Enabling Distorted Cameras and Secondary Rays in Gaussian Splatting,No,No,Methodology,0
We evaluate the proposed approach on multiple datasets and compare its performance to existing methods.,3DGUT: Enabling Distorted Cameras and Secondary Rays in Gaussian Splatting,No,No,Main Results,0
We provide a detailed implementation and training process for the proposed method.,3DGUT: Enabling Distorted Cameras and Secondary Rays in Gaussian Splatting,No,No,Methodology,0
We evaluate the proposed approach on multiple datasets and compare its performance to existing methods.,3DGUT: Enabling Distorted Cameras and Secondary Rays in Gaussian Splatting,No,No,Main Results,0
We provide a detailed implementation and training process for the proposed method.,3DGUT: Enabling Distorted Cameras and Secondary Rays in Gaussian Splatting,No,No,Methodology,0
We evaluate the proposed approach on multiple datasets and compare its performance to existing methods.,3DGUT: Enabling Distorted Cameras and Secondary Rays in Gaussian Splatting,No,No,Main Results,0
We provide a detailed implementation and training process for the proposed method.,3DGUT: Enabling Distorted Cameras and Secondary Rays in Gaussian Splatting,No,No,Methodology,0
We evaluate the proposed approach on multiple datasets and compare its performance to existing methods.,3DGUT: Enabling Distorted Cameras and Secondary Rays in Gaussian Splatting,No,No,Main Results,0
We provide a detailed implementation and training process for the proposed method.,3DGUT: Enabling Distorted Cameras and Secondary Rays in Gaussian Splatting,No,No,Methodology,0
We evaluate the proposed approach on multiple datasets and compare its performance to existing methods.,3DGUT: Enabling Distorted Cameras and Secondary Rays in Gaussian Splatting,No,No,Main Results,0
We provide a detailed implementation and training process for the proposed method.,3DGUT: Enabling Distorted Cameras and Secondary Rays in Gaussian Splatting,No,No,Methodology,0
We evaluate the proposed approach on multiple datasets and compare its performance to existing methods.,3DGUT: Enabling Distorted Cameras and Secondary Rays in Gaussian Splatting,No,No,Main Results,0
We provide a,3DGUT: Enabling Distorted Cameras and Secondary Rays in Gaussian Splatting,No,No,Methodology,0
"In this paper, we introduce FruitNinja, a novel method for generating internal textures for 3D objects.",FruitNinja: 3D Object Interior Texture Generation with Gaussian Splatting,No,No,Contribution,0
Our approach combines the strengths of 3D Gaussian Splatting (3DGS) and OpaqueAtom GS (OAS).,FruitNinja: 3D Object Interior Texture Generation with Gaussian Splatting,No,Yes,Contribution,1
"3DGS is a powerful tool for generating high-quality 3D models, while OAS allows for the synthesis of realistic internal textures.",FruitNinja: 3D Object Interior Texture Generation with Gaussian Splatting,No,Yes,Contribution,1
FruitNinja leverages the pre-trained diffusion model to progressively inpaint cross-sectional views and apply voxel smoothing to generate cohesive textures throughout the object.,FruitNinja: 3D Object Interior Texture Generation with Gaussian Splatting,No,No,Methodology,0
"The OAS strategy is designed to address the limitations of 3DGS, such as instability from large Gaussians and difficulty with sharp color transitions.",FruitNinja: 3D Object Interior Texture Generation with Gaussian Splatting,No,Yes,Methodology,1
"FruitNinja is effective in generating internal textures across a variety of objects, including 3D objects with complex internal structures.",FruitNinja: 3D Object Interior Texture Generation with Gaussian Splatting,No,No,Main Results,0
The method is scalable and can be used for both static and dynamic 3D scenes.,FruitNinja: 3D Object Interior Texture Generation with Gaussian Splatting,No,Yes,Contribution,1
FruitNinja is a significant advancement in the field of 3D generation and inpainting tasks.,FruitNinja: 3D Object Interior Texture Generation with Gaussian Splatting,No,No,Contribution,0
"The use of OAS allows for the synthesis of realistic internal textures, while the use of 3DGS allows for the generation of high-quality 3D models.",FruitNinja: 3D Object Interior Texture Generation with Gaussian Splatting,No,Yes,Contribution,1
FruitNinja is a novel approach that combines the strengths of 3DGS and OAS to generate internal textures for 3D objects.,FruitNinja: 3D Object Interior Texture Generation with Gaussian Splatting,No,Yes,Contribution,1
"The use of OAS allows for the synthesis of realistic internal textures, while the use of 3DGS allows for the generation of high-quality 3D models.",FruitNinja: 3D Object Interior Texture Generation with Gaussian Splatting,No,Yes,Contribution,1
FruitNinja is a novel approach that combines the strengths of 3DGS and OAS to generate internal textures for 3D objects.,FruitNinja: 3D Object Interior Texture Generation with Gaussian Splatting,No,Yes,Contribution,1
"The use of OAS allows for the synthesis of realistic internal textures, while the use of 3DGS allows for the generation of high-quality 3D models.",FruitNinja: 3D Object Interior Texture Generation with Gaussian Splatting,No,Yes,Contribution,1
FruitNinja is a novel approach that combines the strengths of 3DGS and OAS to generate internal textures for 3D objects.,FruitNinja: 3D Object Interior Texture Generation with Gaussian Splatting,No,Yes,Contribution,1
"The use of OAS allows for the synthesis of realistic internal textures, while the use of 3DGS allows for the generation of high-quality 3D models.",FruitNinja: 3D Object Interior Texture Generation with Gaussian Splatting,No,Yes,Contribution,1
FruitNinja is a novel approach that combines the strengths of 3DGS and OAS to generate internal textures for 3D objects.,FruitNinja: 3D Object Interior Texture Generation with Gaussian Splatting,No,Yes,Contribution,1
"The use of OAS allows for the synthesis of realistic internal textures, while the use of 3DGS allows for the generation of high-quality 3D models.",FruitNinja: 3D Object Interior Texture Generation with Gaussian Splatting,No,Yes,Contribution,1
FruitNinja is a novel approach that combines the strengths of 3DGS and OAS to generate internal textures for 3D objects.,FruitNinja: 3D Object Interior Texture Generation with Gaussian Splatting,No,Yes,Contribution,1
"The use of OAS allows for the synthesis of realistic internal textures, while the use of 3DGS allows for the generation of high-quality 3D models.",FruitNinja: 3D Object Interior Texture Generation with Gaussian Splatting,No,Yes,Contribution,1
"The primary motivation for developing SinGS is to address the challenges of creating high-quality and efficient animatable 3D avatar reconstructions, particularly in the context of single-image 3D human reconstruction (SIHR).",SinGS: Animatable Single-Image Human Gaussian Splats with Kinematic Priors,No,No,Motivation,0
The paper aims to provide a novel framework for achieving high-quality and efficient animatable 3D avatar reconstructions.,SinGS: Animatable Single-Image Human Gaussian Splats with Kinematic Priors,No,No,Paper Goal,0
The primary goal of the paper is to develop a novel framework for achieving high-quality and efficient animatable 3D avatar reconstructions.,SinGS: Animatable Single-Image Human Gaussian Splats with Kinematic Priors,No,No,Paper Goal,0
"The paper introduces a novel single-image 3D human avatar reconstruction framework, SinGS.",SinGS: Animatable Single-Image Human Gaussian Splats with Kinematic Priors,No,No,Contribution,0
The framework is based on two key components: Kinematic Human Diffusion (KHD) and GeometryPreserving 3D Gaussian Splatting (GPGS).,SinGS: Animatable Single-Image Human Gaussian Splats with Kinematic Priors,No,No,Contribution,0
"The KHD is designed to sample within the pose space, allowing for high-quality and efficient animation rendering.",SinGS: Animatable Single-Image Human Gaussian Splats with Kinematic Priors,Yes,No,Methodology,1
The GPGS is designed to reconstruct a compact and high-quality 3D avatar even under imperfect priors.,SinGS: Animatable Single-Image Human Gaussian Splats with Kinematic Priors,No,No,Methodology,0
The paper presents a novel framework for achieving high-quality and efficient animatable 3D avatar reconstructions.,SinGS: Animatable Single-Image Human Gaussian Splats with Kinematic Priors,No,No,Main Results,0
The framework is based on two key components: Kinematic Human Diffusion (KHD) and GeometryPreserving 3D Gaussian Splatting (GPGS).,SinGS: Animatable Single-Image Human Gaussian Splats with Kinematic Priors,No,No,Main Results,0
"The KHD samples within the pose space to generate a highly 3D-consistent and high-quality sequence of human images, inferring unseen viewpoints and providing kinematic priors.",SinGS: Animatable Single-Image Human Gaussian Splats with Kinematic Priors,No,No,Main Results,0
"The GPGS reconstructs a compact and high-quality 3D avatar even under imperfect priors, achieving high-quality and efficient animation rendering.",SinGS: Animatable Single-Image Human Gaussian Splats with Kinematic Priors,No,No,Main Results,0
The paper compares SinGS with existing methods in terms of pose data collection and pose generation.,SinGS: Animatable Single-Image Human Gaussian Splats with Kinematic Priors,Yes,No,Main Results,1
The results show that SinGS outperforms existing methods in terms of pose data collection and pose generation.,SinGS: Animatable Single-Image Human Gaussian Splats with Kinematic Priors,Yes,No,Main Results,1
The primary motivation for developing SinGS is to address the challenges of creating high-quality and efficient animatable 3D avatar reconstructions.,SinGS: Animatable Single-Image Human Gaussian Splats with Kinematic Priors,No,No,Motivation,0
The paper aims to provide a novel framework for achieving high-quality and efficient animatable 3D avatar reconstructions.,SinGS: Animatable Single-Image Human Gaussian Splats with Kinematic Priors,No,No,Paper Goal,0
The primary goal of the paper is to develop a novel framework for achieving high-quality and efficient animatable 3D avatar reconstructions.,SinGS: Animatable Single-Image Human Gaussian Splats with Kinematic Priors,No,No,Paper Goal,0
"The paper introduces a novel single-image 3D human avatar reconstruction framework, SinGS.",SinGS: Animatable Single-Image Human Gaussian Splats with Kinematic Priors,No,No,Contribution,0
The framework is based on two key components: Kinematic Human Diffusion (KHD) and Geometry,SinGS: Animatable Single-Image Human Gaussian Splats with Kinematic Priors,No,No,Contribution,0
The existing methods for reconstructing human-object interactions from RGB images are limited by the combinatorial nature of human-object interactions.,Template Free Reconstruction of Human-object Interaction with Procedural Interaction Generation,No,No,Motivation,0
The proposed ProciGen method addresses this challenge by generating large-scale datasets with diverse object variations.,Template Free Reconstruction of Human-object Interaction with Procedural Interaction Generation,No,No,Contribution,0
"ProciGen uses a hierarchical diffusion model to generate synthetic interaction data, which allows training methods with strong generalization ability to unseen objects.",Template Free Reconstruction of Human-object Interaction with Procedural Interaction Generation,Yes,No,Methodology,1
To generate large-scale interaction data with diverse object variations.,Template Free Reconstruction of Human-object Interaction with Procedural Interaction Generation,No,No,Paper Goal,0
ProciGen is a method to generate datasets with both plausible interaction and diverse object variation.,Template Free Reconstruction of Human-object Interaction with Procedural Interaction Generation,No,No,Contribution,0
ProciGen uses a hierarchical diffusion model to generate synthetic interaction data.,Template Free Reconstruction of Human-object Interaction with Procedural Interaction Generation,Yes,No,Methodology,1
ProciGen is trained on a synthetic dataset of 1M+ human-object interactions.,Template Free Reconstruction of Human-object Interaction with Procedural Interaction Generation,Yes,No,Contribution,1
"ProciGen can generate 3D human, object, and contact points.",Template Free Reconstruction of Human-object Interaction with Procedural Interaction Generation,No,No,Contribution,0
"ProciGen significantly outperforms prior methods that require template meshes, and the dataset allows training methods with strong generalization ability to unseen objects.",Template Free Reconstruction of Human-object Interaction with Procedural Interaction Generation,Yes,No,Main Results,1
ProciGen is scalable and allows the multiplicative combination of datasets to generate over a million interactions with more than 21k different object instances.,Template Free Reconstruction of Human-object Interaction with Procedural Interaction Generation,No,No,Contribution,0
ProciGen also significantly boosts the performance of PC2 and HDM.,Template Free Reconstruction of Human-object Interaction with Procedural Interaction Generation,No,No,Main Results,0
ProciGen is a novel method for generating large-scale interaction data with diverse object variations.,Template Free Reconstruction of Human-object Interaction with Procedural Interaction Generation,No,No,Contribution,0
It uses a hierarchical diffusion model to generate synthetic interaction data.,Template Free Reconstruction of Human-object Interaction with Procedural Interaction Generation,Yes,No,Methodology,1
ProciGen is scalable and allows the multiplicative combination of datasets to generate over a million interactions with more than 21k different object instances.,Template Free Reconstruction of Human-object Interaction with Procedural Interaction Generation,No,No,Contribution,0
ProciGen also significantly boosts the performance of PC2 and HDM.,Template Free Reconstruction of Human-object Interaction with Procedural Interaction Generation,No,No,Main Results,0
ProciGen is a novel method for generating large-scale interaction data with diverse object variations.,Template Free Reconstruction of Human-object Interaction with Procedural Interaction Generation,No,No,Contribution,0
It uses a hierarchical diffusion model to generate synthetic interaction data.,Template Free Reconstruction of Human-object Interaction with Procedural Interaction Generation,Yes,No,Methodology,1
ProciGen is scalable and allows the multiplicative combination of datasets to generate over a million interactions with more than 21k different object instances.,Template Free Reconstruction of Human-object Interaction with Procedural Interaction Generation,No,No,Contribution,0
ProciGen also significantly boosts the performance of PC2 and HDM.,Template Free Reconstruction of Human-object Interaction with Procedural Interaction Generation,No,No,Main Results,0
ProciGen is a novel method for generating large-scale interaction data with diverse object variations.,Template Free Reconstruction of Human-object Interaction with Procedural Interaction Generation,No,No,Contribution,0
It uses a hierarchical diffusion model to generate synthetic interaction data.,Template Free Reconstruction of Human-object Interaction with Procedural Interaction Generation,Yes,No,Methodology,1
ProciGen is scalable and allows the multiplicative combination of datasets to generate over a million interactions with more than 21k different object instances.,Template Free Reconstruction of Human-object Interaction with Procedural Interaction Generation,No,No,Contribution,0
ProciGen also significantly boosts the performance of PC2 and HDM.,Template Free Reconstruction of Human-object Interaction with Procedural Interaction Generation,No,No,Main Results,0
ProciGen is a novel method for generating large-scale interaction data with diverse object variations.,Template Free Reconstruction of Human-object Interaction with Procedural Interaction Generation,No,No,Contribution,0
It uses a hierarchical diffusion model to generate synthetic interaction data.,Template Free Reconstruction of Human-object Interaction with Procedural Interaction Generation,Yes,No,Methodology,1
ProciGen is scalable and allows the multiplicative combination of datasets to generate over a million interactions with more than 21k different object instances.,Template Free Reconstruction of Human-object Interaction with Procedural Interaction Generation,No,No,Contribution,0
ProciGen also significantly boosts the performance of PC2 and HDM.,Template Free Reconstruction of Human-object Interaction with Procedural Interaction Generation,No,No,Main Results,0
ProciGen is,Template Free Reconstruction of Human-object Interaction with Procedural Interaction Generation,No,No,Contribution,0
The existing methods for 3D head avatar reconstruction are challenging due to the need for accurate geometry reconstruction and tracking.,Gaussian Head Avatar: Ultra High-fidelity Head Avatar via Dynamic Gaussians,No,No,Motivation,0
"The authors propose a novel representation, Gaussian Head Avatar, that utilizes 3D Gaussian splatting to model expressive human head avatars.",Gaussian Head Avatar: Ultra High-fidelity Head Avatar via Dynamic Gaussians,No,No,Contribution,0
The authors aim to improve the quality of the reconstructed images by optimizing the neutral 3D Gaussians and a fully learned MLP-based deformation field.,Gaussian Head Avatar: Ultra High-fidelity Head Avatar via Dynamic Gaussians,No,No,Paper Goal,0
To propose a novel representation for 3D head avatar modeling that can capture complex expressions and accurately model dynamic details.,Gaussian Head Avatar: Ultra High-fidelity Head Avatar via Dynamic Gaussians,No,No,Paper Goal,0
The authors propose a Gaussian Head Avatar represented by controllable 3D Gaussians.,Gaussian Head Avatar: Ultra High-fidelity Head Avatar via Dynamic Gaussians,No,No,Methodology,0
They optimize the neutral 3D Gaussians and a fully learned MLP-based deformation field to capture complex expressions.,Gaussian Head Avatar: Ultra High-fidelity Head Avatar via Dynamic Gaussians,No,No,Methodology,0
The authors also devise a well-designed geometry-guided initialization strategy based on implicit SDF and Deep Marching Tetrahedra for the stability and convergence of the training procedure.,Gaussian Head Avatar: Ultra High-fidelity Head Avatar via Dynamic Gaussians,No,No,Methodology,0
"The authors demonstrate that their method outperforms other state-of-the-art sparseview methods on 2K resolution, achieving ultra high-fidelity rendering quality.",Gaussian Head Avatar: Ultra High-fidelity Head Avatar via Dynamic Gaussians,No,No,Main Results,0
They also demonstrate that their method can reconstruct finer-grained dynamic details of expressive human heads.,Gaussian Head Avatar: Ultra High-fidelity Head Avatar via Dynamic Gaussians,No,No,Main Results,0
The authors also demonstrate that their method can reconstruct high-fidelity images at 2K resolution even under exaggerated expressions.,Gaussian Head Avatar: Ultra High-fidelity Head Avatar via Dynamic Gaussians,No,No,Main Results,0
The authors propose a novel representation for 3D head avatar modeling that can capture complex expressions and accurately model dynamic details.,Gaussian Head Avatar: Ultra High-fidelity Head Avatar via Dynamic Gaussians,No,No,Contribution,0
They optimize the neutral 3D Gaussians and a fully learned MLP-based deformation field to capture complex expressions.,Gaussian Head Avatar: Ultra High-fidelity Head Avatar via Dynamic Gaussians,No,No,Methodology,0
They also devise a well-designed geometry-guided initialization strategy based on implicit SDF and Deep Marching Tetrahedra for the stability and convergence of the training procedure.,Gaussian Head Avatar: Ultra High-fidelity Head Avatar via Dynamic Gaussians,No,No,Methodology,0
"The authors demonstrate that their method outperforms other state-of-the-art sparseview methods on 2K resolution, achieving ultra high-fidelity rendering quality.",Gaussian Head Avatar: Ultra High-fidelity Head Avatar via Dynamic Gaussians,No,No,Main Results,0
They also demonstrate that their method can reconstruct finer-grained dynamic details of expressive human heads.,Gaussian Head Avatar: Ultra High-fidelity Head Avatar via Dynamic Gaussians,No,No,Main Results,0
They also demonstrate that their method can reconstruct high-fidelity images at 2K resolution even under exaggerated expressions.,Gaussian Head Avatar: Ultra High-fidelity Head Avatar via Dynamic Gaussians,No,No,Main Results,0
"The challenge of reconstructing high-fidelity, animatable 3D head avatars from monocular videos is a significant challenge in computer vision.",FATE: Full-head Gaussian Avatar with Textural Editing from Monocular Video,No,No,Motivation,0
"The existing methods are either inefficient, lack of creativity, or both, making them unsuitable for consumer-level applications.",FATE: Full-head Gaussian Avatar with Textural Editing from Monocular Video,No,Yes,Motivation,1
"We introduce FATE, a novel method for reconstructing an editable full-head avatar from a single monocular video.",FATE: Full-head Gaussian Avatar with Textural Editing from Monocular Video,No,No,Paper Goal,0
"FATE integrates a sampling-based densification strategy to ensure optimal positional distribution of points, improving rendering efficiency.",FATE: Full-head Gaussian Avatar with Textural Editing from Monocular Video,No,No,Contribution,0
"A neural baking technique is introduced to transform discrete Gaussian representations into continuous attribute maps in the UV space, facilitating intuitive appearance editing.",FATE: Full-head Gaussian Avatar with Textural Editing from Monocular Video,No,No,Contribution,0
"FATE outperforms previous approaches in both qualitative and quantitative evaluations, achieving state-of-the-art performance.",FATE: Full-head Gaussian Avatar with Textural Editing from Monocular Video,No,No,Main Results,0
FATE is a novel method for reconstructing an editable full-head avatar from a single monocular video.,FATE: Full-head Gaussian Avatar with Textural Editing from Monocular Video,No,No,Contribution,0
"It integrates a sampling-based densification strategy to ensure optimal positional distribution of points, improving rendering efficiency.",FATE: Full-head Gaussian Avatar with Textural Editing from Monocular Video,No,No,Methodology,0
"FATE also introduces a neural baking technique to transform discrete Gaussian representations into continuous attribute maps in the UV space, facilitating intuitive appearance editing.",FATE: Full-head Gaussian Avatar with Textural Editing from Monocular Video,No,No,Methodology,0
"FATE also proposes a universal completion framework to synthesize a 360-degree-renderable head, which is not only compatible with the FATE method but can also be seamlessly integrated into other head reconstruction methods.",FATE: Full-head Gaussian Avatar with Textural Editing from Monocular Video,No,No,Methodology,0
"FATE outperforms previous approaches in both qualitative and quantitative evaluations, achieving state-of-the-art performance.",FATE: Full-head Gaussian Avatar with Textural Editing from Monocular Video,No,No,Main Results,0
FATE is the first animatable and 360-degree full-head monocular reconstruction method for a 3D head avatar.,FATE: Full-head Gaussian Avatar with Textural Editing from Monocular Video,No,No,Main Results,0
FATE is the first method that can reconstruct a full-head avatar from a monocular video.,FATE: Full-head Gaussian Avatar with Textural Editing from Monocular Video,Yes,No,Main Results,1
FATE introduces a novel method for reconstructing an editable full-head avatar from a single monocular video.,FATE: Full-head Gaussian Avatar with Textural Editing from Monocular Video,No,No,Contribution,0
"FATE integrates a sampling-based densification strategy to ensure optimal positional distribution of points, improving rendering efficiency.",FATE: Full-head Gaussian Avatar with Textural Editing from Monocular Video,No,No,Contribution,0
"FATE also introduces a neural baking technique to transform discrete Gaussian representations into continuous attribute maps in the UV space, facilitating intuitive appearance editing.",FATE: Full-head Gaussian Avatar with Textural Editing from Monocular Video,No,No,Contribution,0
"FATE also proposes a universal completion framework to synthesize a 360-degree-renderable head, which is not only compatible with the FATE method but can also be seamlessly integrated into other head reconstruction methods.",FATE: Full-head Gaussian Avatar with Textural Editing from Monocular Video,No,No,Contribution,0
"The existing methods are either inefficient, lack of creativity, or both, making them unsuitable for consumer-level applications.",FATE: Full-head Gaussian Avatar with Textural Editing from Monocular Video,No,Yes,Motivation,1
"We introduce FATE, a novel method for reconstructing an editable full-head avatar from a single monocular video.",FATE: Full-head Gaussian Avatar with Textural Editing from Monocular Video,No,No,Paper Goal,0
"FATE integrates a sampling-based densification strategy to ensure optimal positional distribution of points, improving rendering efficiency.",FATE: Full-head Gaussian Avatar with Textural Editing from Monocular Video,No,No,Contribution,0
FATE also introduces a neural baking technique to transform discrete Gaussian representations into continuous attribute maps in the,FATE: Full-head Gaussian Avatar with Textural Editing from Monocular Video,No,No,Contribution,0
"The existing methods for head reconstruction are challenging due to the complexity of the task, the need for accurate expression tracking, and the inability to achieve realistic relighting effects under unknown lighting conditions.",HRAvatar: High-Quality and Relightable Gaussian Head Avatar,No,No,Motivation,0
"The proposed HRAvatar method addresses these challenges by leveraging 3D Gaussian Splatting (3DGS) for high-quality head avatar reconstruction, which reduces tracking errors and better captures individual facial deformations.",HRAvatar: High-Quality and Relightable Gaussian Head Avatar,Yes,No,Contribution,1
"The method also incorporates an expression encoder to extract accurate facial expressions, which reduces the impact of tracking errors on reconstruction.",HRAvatar: High-Quality and Relightable Gaussian Head Avatar,No,No,Methodology,0
"Additionally, the method incorporates a physically-based shading model to achieve realistic relighting.",HRAvatar: High-Quality and Relightable Gaussian Head Avatar,No,No,Methodology,0
The overall pipeline is illustrated in Fig. 2.,HRAvatar: High-Quality and Relightable Gaussian Head Avatar,No,No,Methodology,0
To provide a novel and effective method for monocular head avatar reconstruction using 3D Gaussian Splatting (3DGS).,HRAvatar: High-Quality and Relightable Gaussian Head Avatar,No,No,Paper Goal,0
The method reduces tracking errors through end-to-end optimization and better captures individual facial deformations using learnable blendshapes and learnable linear blend skinning.,HRAvatar: High-Quality and Relightable Gaussian Head Avatar,No,No,Methodology,0
The method decomposes head appearance into several physical properties and incorporates physically-based shading to account for environmental lighting.,HRAvatar: High-Quality and Relightable Gaussian Head Avatar,No,No,Methodology,0
Extensive experiments demonstrate that the proposed method not only re-constructs superior head avatars but also achieves realistic relighting effects under varying lighting conditions.,HRAvatar: High-Quality and Relightable Gaussian Head Avatar,No,No,Main Results,0
"The proposed HRAvatar method is a 3DGS-based method that reconstructs high-fidelity, relightable 3D head avatars.",HRAvatar: High-Quality and Relightable Gaussian Head Avatar,No,No,Contribution,0
The method reduces tracking errors through end-to-end optimization and better captures individual facial deformations using learnable blendshapes and learnable linear blend skinning.,HRAvatar: High-Quality and Relightable Gaussian Head Avatar,No,No,Methodology,0
"Additionally, it decomposes head appearance into several physical properties and incorporates physically-based shading to account for environmental lighting.",HRAvatar: High-Quality and Relightable Gaussian Head Avatar,No,No,Methodology,0
Extensive experiments demonstrate that the proposed method not only re-constructs superior head avatars but also achieves realistic relighting effects under varying lighting conditions.,HRAvatar: High-Quality and Relightable Gaussian Head Avatar,No,No,Main Results,0
"The proposed method outperforms existing methods in overall quality, enabling realistic relighting in real-time and simple material editing.",HRAvatar: High-Quality and Relightable Gaussian Head Avatar,No,No,Main Results,0
The proposed HRAvatar method provides a novel and effective method for monocular head avatar reconstruction using 3D Gaussian Splatting (3DGS).,HRAvatar: High-Quality and Relightable Gaussian Head Avatar,No,No,Contribution,0
The method reduces tracking errors through end-to-end optimization and better captures individual facial deformations using learnable blendshapes and learnable linear blend skinning.,HRAvatar: High-Quality and Relightable Gaussian Head Avatar,No,No,Contribution,0
"Additionally, it decomposes head appearance into several physical properties and incorporates physically-based shading to account for environmental lighting.",HRAvatar: High-Quality and Relightable Gaussian Head Avatar,No,No,Contribution,0
Extensive experiments demonstrate that the proposed method not only re-constructs superior head avatars but also achieves realistic relighting effects under varying lighting conditions.,HRAvatar: High-Quality and Relightable Gaussian Head Avatar,No,No,Main Results,0
"The existing methods for head reconstruction are challenging due to the complexity of the task, the need for accurate expression tracking, and the inability to achieve realistic relighting under unknown lighting conditions",HRAvatar: High-Quality and Relightable Gaussian Head Avatar,No,No,Motivation,0
"In this paper, we present a novel framework called HumanMM, designed to reconstruct long-sequence 3D human motion in the world coordinates from in-the-wild videos with multiple shot transitions.",HumanMM: Global Human Motion Recovery from Multi-shot Videos,No,No,Contribution,0
"The framework includes an enhanced camera trajectory estimation method, a human motion alignment module, and a motion integrator to ensure accurate and consistent recovery of human pose and orientation in world coordinates across different shots in the whole video.",HumanMM: Global Human Motion Recovery from Multi-shot Videos,No,No,Contribution,0
The key contributions of this paper are: We propose a novel framework HumanMM to recover human motion from multi-shot videos in world coordinates.,HumanMM: Global Human Motion Recovery from Multi-shot Videos,No,No,Contribution,0
"We introduce HumanMM, a HMR framework for multishot videos.",HumanMM: Global Human Motion Recovery from Multi-shot Videos,No,No,Contribution,0
"We process multi-shot video sequences by first extracting motion features such as keypoints and bounding boxes, using ViTPose and image features using ViT.",HumanMM: Global Human Motion Recovery from Multi-shot Videos,No,No,Methodology,0
These features are then segmented into singleshot clips via Shot Transition Detection.,HumanMM: Global Human Motion Recovery from Multi-shot Videos,No,No,Methodology,0
We initialize camera pose and SMPL parameters for each shot using Masked LEAP-VO.,HumanMM: Global Human Motion Recovery from Multi-shot Videos,Yes,No,Methodology,1
We align human orientation across shots using camera calibration.,HumanMM: Global Human Motion Recovery from Multi-shot Videos,No,No,Methodology,0
We use a bi-directional LSTM-based trajectory predictor to predict the trajectory based on aligned motion.,HumanMM: Global Human Motion Recovery from Multi-shot Videos,No,No,Methodology,0
We introduce a postprocessing module for motion integration.,HumanMM: Global Human Motion Recovery from Multi-shot Videos,No,No,Methodology,0
We propose a postprocessing module for motion integration.,HumanMM: Global Human Motion Recovery from Multi-shot Videos,No,No,Methodology,0
We introduce a postprocessing module for motion integration.,HumanMM: Global Human Motion Recovery from Multi-shot Videos,No,No,Methodology,0
We introduce a postprocessing module for motion integration.,HumanMM: Global Human Motion Recovery from Multi-shot Videos,No,No,Methodology,0
We introduce a postprocessing module for motion integration.,HumanMM: Global Human Motion Recovery from Multi-shot Videos,No,No,Methodology,0
We introduce a postprocessing module for motion integration.,HumanMM: Global Human Motion Recovery from Multi-shot Videos,No,No,Methodology,0
We introduce a postprocessing module for motion integration.,HumanMM: Global Human Motion Recovery from Multi-shot Videos,No,No,Methodology,0
We introduce a postprocessing module for motion integration.,HumanMM: Global Human Motion Recovery from Multi-shot Videos,No,No,Methodology,0
We introduce a postprocessing module for motion integration.,HumanMM: Global Human Motion Recovery from Multi-shot Videos,No,No,Methodology,0
We introduce a postprocessing module for motion integration.,HumanMM: Global Human Motion Recovery from Multi-shot Videos,No,No,Methodology,0
We introduce a postprocessing module for motion integration.,HumanMM: Global Human Motion Recovery from Multi-shot Videos,No,No,Methodology,0
We introduce a postprocessing module for motion integration.,HumanMM: Global Human Motion Recovery from Multi-shot Videos,No,No,Methodology,0
We introduce a postprocessing module for motion integration.,HumanMM: Global Human Motion Recovery from Multi-shot Videos,No,No,Methodology,0
We introduce a postprocessing module for motion integration.,HumanMM: Global Human Motion Recovery from Multi-shot Videos,No,No,Methodology,0
We introduce a postprocessing module for motion integration,HumanMM: Global Human Motion Recovery from Multi-shot Videos,No,No,Methodology,0
The paper introduces a new method for integrating visual chain-of-thought reasoning into vision-language-action models (VLAs).,CoT-VLA: Visual Chain-of-Thought Reasoning for Vision-Language-Action Models,No,No,Contribution,0
"This method leverages explicit visual reasoning before action generation, allowing the model to ""think visually"" about how to accomplish a task before acting.",CoT-VLA: Visual Chain-of-Thought Reasoning for Vision-Language-Action Models,No,No,Contribution,0
To demonstrate the effectiveness of the proposed method in improving the performance of state-of-the-art VLA models.,CoT-VLA: Visual Chain-of-Thought Reasoning for Vision-Language-Action Models,No,No,Paper Goal,0
CoT-VLA is a state-of-the-art 7B VLA that incorporates visual chain-of-thought reasoning.,CoT-VLA: Visual Chain-of-Thought Reasoning for Vision-Language-Action Models,No,No,Methodology,0
The method operates in two phases: subgoal image generation and action generation.,CoT-VLA: Visual Chain-of-Thought Reasoning for Vision-Language-Action Models,No,No,Methodology,0
The subgoal image is generated as an intermediate step before action generation.,CoT-VLA: Visual Chain-of-Thought Reasoning for Vision-Language-Action Models,No,No,Methodology,0
CoT-VLA is a unified multimodal foundation model that includes a vision tower and a base model.,CoT-VLA: Visual Chain-of-Thought Reasoning for Vision-Language-Action Models,No,No,Methodology,0
The vision tower encodes visual inputs as discrete tokens and uses residual quantization to improve the representational capacity of visual features.,CoT-VLA: Visual Chain-of-Thought Reasoning for Vision-Language-Action Models,No,No,Methodology,0
"The base model is trained on multimodal pairs, including image, text, and video.",CoT-VLA: Visual Chain-of-Thought Reasoning for Vision-Language-Action Models,No,No,Methodology,0
CoT-VLA is trained on both robot demonstrations and action-less videos.,CoT-VLA: Visual Chain-of-Thought Reasoning for Vision-Language-Action Models,No,No,Methodology,0
The training objective is to minimize the cross-entropy loss for action predictions.,CoT-VLA: Visual Chain-of-Thought Reasoning for Vision-Language-Action Models,Yes,No,Methodology,1
"CoT-VLA achieves the best or competitive performance across multiple LIBERO benchmarks, demonstrating its effectiveness in improving the performance of state-of-the-art VLA models.",CoT-VLA: Visual Chain-of-Thought Reasoning for Vision-Language-Action Models,No,No,Main Results,0
The paper introduces a new method for integrating visual chain-of-thought reasoning into vision-language-action models.,CoT-VLA: Visual Chain-of-Thought Reasoning for Vision-Language-Action Models,No,No,Contribution,0
"This method leverages explicit visual reasoning before action generation, allowing the model to ""think visually"" about how to accomplish a task before acting.",CoT-VLA: Visual Chain-of-Thought Reasoning for Vision-Language-Action Models,No,No,Contribution,0
The motivation is to demonstrate the effectiveness of the proposed method in improving the performance of state-of-the-art VLA models.,CoT-VLA: Visual Chain-of-Thought Reasoning for Vision-Language-Action Models,Yes,No,Motivation,1
To demonstrate the effectiveness of the proposed method in improving the performance of state-of-the-art VLA models.,CoT-VLA: Visual Chain-of-Thought Reasoning for Vision-Language-Action Models,No,No,Paper Goal,0
CoT-VLA is a state-of-the-art 7B VLA that incorporates visual chain-of-thought reasoning.,CoT-VLA: Visual Chain-of-Thought Reasoning for Vision-Language-Action Models,No,No,Methodology,0
The method operates in two phases: subgoal image generation and action generation.,CoT-VLA: Visual Chain-of-Thought Reasoning for Vision-Language-Action Models,No,No,Methodology,0
The subgoal image is generated as an intermediate step before action generation.,CoT-VLA: Visual Chain-of-Thought Reasoning for Vision-Language-Action Models,No,No,Methodology,0
CoT-VLA is a unified multimodal foundation model that includes a vision tower and a base model.,CoT-VLA: Visual Chain-of-Thought Reasoning for Vision-Language-Action Models,No,No,Methodology,0
The vision tower encodes visual inputs as discrete tokens and uses residual quantization to improve the representational capacity of visual features.,CoT-VLA: Visual Chain-of-Thought Reasoning for Vision-Language-Action Models,No,No,Methodology,0
"The base model is trained on multimodal pairs, including image, text, and video.",CoT-VLA: Visual Chain-of-Thought Reasoning for Vision-Language-Action Models,No,No,Methodology,0
CoT-VLA is trained on both robot demonstrations and action-less videos.,CoT-VLA: Visual Chain-of-Thought Reasoning for Vision-Language-Action Models,No,No,Methodology,0
The training objective is to minimize the cross-entropy loss for action predictions.,CoT-VLA: Visual Chain-of-Thought Reasoning for Vision-Language-Action Models,Yes,No,Methodology,1
CoT-VLA achieves the best,CoT-VLA: Visual Chain-of-Thought Reasoning for Vision-Language-Action Models,No,No,Main Results,0
The existing methods for video generation aim to generate intermediate frames by utilizing two key frames as input.,Generative Inbetweening through Frame-wise Conditions-Driven Video Generation,No,No,Motivation,0
"However, they still face challenges in maintaining temporal stability due to the ambiguous interpolation path between the two key frames.",Generative Inbetweening through Frame-wise Conditions-Driven Video Generation,No,No,Motivation,0
"To propose a novel method, FCVG, that provides an explicit condition for each frame, making it easier to identify the interpolation path between two input frames, thus ensuring temporally stable production of visually plausible video frames.",Generative Inbetweening through Frame-wise Conditions-Driven Video Generation,No,No,Paper Goal,0
"FCVG is a novel method that provides an explicit condition for each frame, making it easier to identify the interpolation path between two input frames, thus ensuring temporally stable production of visually plausible video frames.",Generative Inbetweening through Frame-wise Conditions-Driven Video Generation,No,No,Methodology,0
FCVG achieves a significant improvement in temporal stability compared to existing methods.,Generative Inbetweening through Frame-wise Conditions-Driven Video Generation,No,No,Main Results,0
It demonstrates the capability to generate temporally stable videos using both linear and non-linear interpolation curves.,Generative Inbetweening through Frame-wise Conditions-Driven Video Generation,No,No,Main Results,0
FCVG is implemented using the pre-trained GlueStick model for line matching and the DWPose model for estimating human poses.,Generative Inbetweening through Frame-wise Conditions-Driven Video Generation,No,No,Methodology,0
The inference process is done in 25 steps without noise re-injection.,Generative Inbetweening through Frame-wise Conditions-Driven Video Generation,No,No,Methodology,0
"FCVG is evaluated on diverse scenes, including natural landscapes, complex human poses, camera movements, and animations.",Generative Inbetweening through Frame-wise Conditions-Driven Video Generation,No,No,Main Results,0
It achieves the best performance among four generative approaches across all the metrics.,Generative Inbetweening through Frame-wise Conditions-Driven Video Generation,No,No,Main Results,0
"FCVG is compared with state-of-the-art optical flow-based interpolation methods, including FILM, DynamiCrafter, TRF, and GI.",Generative Inbetweening through Frame-wise Conditions-Driven Video Generation,Yes,No,Main Results,1
"FCVG achieves superior performance in LPIPS, FID, VBench, and FVD metrics.",Generative Inbetweening through Frame-wise Conditions-Driven Video Generation,Yes,No,Main Results,1
"FCVG provides an explicit condition for each frame, making it easier to identify the interpolation path between two input frames, thus ensuring temporally stable production of visually plausible video frames.",Generative Inbetweening through Frame-wise Conditions-Driven Video Generation,No,No,Contribution,0
It demonstrates the capability to generate temporally stable videos using both linear and non-linear interpolation curves.,Generative Inbetweening through Frame-wise Conditions-Driven Video Generation,No,No,Main Results,0
"To summarize the paper, we introduce CRISP, a category-agnostic object pose and shape estimation pipeline.",CRISP: Object Pose and Shape Estimation with Test-Time Adaptation,No,No,Contribution,0
We propose a self-training method CRISP-ST to bridge domain gaps.,CRISP: Object Pose and Shape Estimation with Test-Time Adaptation,No,No,Contribution,0
"CRISP-ST uses a correct-and-certify approach to self-train the model, which leverages the corrector to generate pseudo-labels at test-time.",CRISP: Object Pose and Shape Estimation with Test-Time Adaptation,No,No,Methodology,0
"We demonstrate CRISP-ST on YCBV, SPE3R, and NOCS datasets.",CRISP: Object Pose and Shape Estimation with Test-Time Adaptation,No,No,Main Results,0
CRISP-ST shows high performance on all three datasets.,CRISP: Object Pose and Shape Estimation with Test-Time Adaptation,Yes,No,Main Results,1
"Moreover, we observe that CRISP-ST can generalize and estimate pose and shape of objects unseen during training, and performs inference at 8 Hz.",CRISP: Object Pose and Shape Estimation with Test-Time Adaptation,Yes,No,Main Results,1
"The self-training pipeline is based on a correct-and-certify approach, which uses pseudo-labels to self-train the model.",CRISP: Object Pose and Shape Estimation with Test-Time Adaptation,No,No,Methodology,0
"We demonstrate CRISP-ST on YCBV, SPE3R, and NOCS datasets.",CRISP: Object Pose and Shape Estimation with Test-Time Adaptation,No,No,Main Results,0
CRISP-ST shows high performance on all three datasets.,CRISP: Object Pose and Shape Estimation with Test-Time Adaptation,Yes,No,Main Results,1
"Moreover, we observe that CRISP-ST can generalize and estimate pose and shape of objects unseen during training, and performs inference at 8 Hz.",CRISP: Object Pose and Shape Estimation with Test-Time Adaptation,Yes,No,Main Results,1
"The self-training pipeline is based on a correct-and-certify approach, which uses pseudo-labels to self-train the model.",CRISP: Object Pose and Shape Estimation with Test-Time Adaptation,No,No,Methodology,0
"We demonstrate CRISP-ST on YCBV, SPE3R, and NOCS datasets.",CRISP: Object Pose and Shape Estimation with Test-Time Adaptation,No,No,Main Results,0
CRISP-ST shows high performance on all three datasets.,CRISP: Object Pose and Shape Estimation with Test-Time Adaptation,Yes,No,Main Results,1
"Moreover, we observe that CRISP-ST can generalize and estimate pose and shape of objects unseen during training, and performs inference at 8 Hz.",CRISP: Object Pose and Shape Estimation with Test-Time Adaptation,Yes,No,Main Results,1
"The self-training pipeline is based on a correct-and-certify approach, which uses pseudo-labels to self-train the model.",CRISP: Object Pose and Shape Estimation with Test-Time Adaptation,No,No,Methodology,0
"We demonstrate CRISP-ST on YCBV, SPE3R, and NOCS datasets.",CRISP: Object Pose and Shape Estimation with Test-Time Adaptation,No,No,Main Results,0
CRISP-ST shows high performance on all three datasets.,CRISP: Object Pose and Shape Estimation with Test-Time Adaptation,Yes,No,Main Results,1
"Moreover, we observe that CRISP-ST can generalize and estimate pose and shape of objects unseen during training, and performs inference at 8 Hz.",CRISP: Object Pose and Shape Estimation with Test-Time Adaptation,Yes,No,Main Results,1
"The self-training pipeline is based on a correct-and-certify approach, which uses pseudo-labels to self-train the model.",CRISP: Object Pose and Shape Estimation with Test-Time Adaptation,No,No,Methodology,0
"We demonstrate CRISP-ST on YCBV, SPE3R, and NOCS datasets.",CRISP: Object Pose and Shape Estimation with Test-Time Adaptation,No,No,Main Results,0
CRISP-ST shows high performance on all three datasets.,CRISP: Object Pose and Shape Estimation with Test-Time Adaptation,Yes,No,Main Results,1
"Moreover, we observe that CRISP-ST can generalize and estimate pose and shape of objects unseen during training, and performs inference at 8 Hz.",CRISP: Object Pose and Shape Estimation with Test-Time Adaptation,Yes,No,Main Results,1
"The self-training pipeline is based on a correct-and-certify approach, which uses pseudo-labels to self-train the model.",CRISP: Object Pose and Shape Estimation with Test-Time Adaptation,No,No,Methodology,0
"We demonstrate CRISP-ST on YCBV, SPE3R, and NOCS datasets.",CRISP: Object Pose and Shape Estimation with Test-Time Adaptation,No,No,Main Results,0
CRISP-ST shows high performance on all three datasets.,CRISP: Object Pose and Shape Estimation with Test-Time Adaptation,Yes,No,Main Results,1
"Moreover, we observe that CRISP-ST can generalize and estimate pose and shape of objects unseen during training, and performs inference at 8 Hz",CRISP: Object Pose and Shape Estimation with Test-Time Adaptation,Yes,No,Main Results,1
"The paper introduces ODE, an open-set dynamic evaluation protocol designed to evaluate object hallucinations in multimodal large language models (MLLMs).",ODE: Open-Set Evaluation of Hallucinations in Multimodal Large Language Models,No,No,Contribution,0
"ODE employs a graph-based structure to represent real-world object concepts, their attributes, and distributional relationships.",ODE: Open-Set Evaluation of Hallucinations in Multimodal Large Language Models,No,No,Methodology,0
It dynamically generates test samples across different levels of difficulty (existence vs. attribute levels) to evaluate hallucinations in both generative and discriminative tasks.,ODE: Open-Set Evaluation of Hallucinations in Multimodal Large Language Models,Yes,No,Methodology,1
"The protocol includes four stages: modeling real-world scenarios, constructing semantic scenes, generation and filtering of images, and evaluation of inquiries.",ODE: Open-Set Evaluation of Hallucinations in Multimodal Large Language Models,No,No,Methodology,0
"ODE is applied to both general and specialized domains, and its effectiveness is demonstrated through experiments on multiple MLLMs.",ODE: Open-Set Evaluation of Hallucinations in Multimodal Large Language Models,No,No,Main Results,0
"Addressing the Persistent Challenge of Hallucinations: MLLMs face the challenge of hallucinations, which can lead to data contamination and potential harm to models.",ODE: Open-Set Evaluation of Hallucinations in Multimodal Large Language Models,Yes,No,Motivation,1
"Building on Existing Benchmarks: the existing benchmarks are static, which may overlook the potential risk of data contamination.",ODE: Open-Set Evaluation of Hallucinations in Multimodal Large Language Models,No,No,Motivation,0
Mitigating Data Contamination: ODE mitigates the risk of data contamination by dynamically generating samples.,ODE: Open-Set Evaluation of Hallucinations in Multimodal Large Language Models,No,No,Contribution,0
Enhancing Evaluation: ODE enhances the evaluation by dynamically generating diverse samples.,ODE: Open-Set Evaluation of Hallucinations in Multimodal Large Language Models,No,No,Contribution,0
Develop a New Benchmark: ODE is designed to evaluate object hallucinations in MLLMs.,ODE: Open-Set Evaluation of Hallucinations in Multimodal Large Language Models,No,No,Paper Goal,0
Provide a New Benchmark: ODE is designed to evaluate object hallucinations in MLLMs.,ODE: Open-Set Evaluation of Hallucinations in Multimodal Large Language Models,No,No,Paper Goal,0
Provide a New Benchmark: ODE is designed to evaluate object hallucinations in MLLMs.,ODE: Open-Set Evaluation of Hallucinations in Multimodal Large Language Models,No,No,Paper Goal,0
Provide a New Benchmark: ODE is designed to evaluate object hallucinations in MLLMs.,ODE: Open-Set Evaluation of Hallucinations in Multimodal Large Language Models,No,No,Paper Goal,0
"Graph-Based Conceptual Modeling: ODE uses a weighted graph G to model real-world scenes, facilitating the generation of diverse scenarios in subsequent stages.",ODE: Open-Set Evaluation of Hallucinations in Multimodal Large Language Models,No,No,Methodology,0
"Semantic Scene Construction: ODE selects two concept nodes at each step to form a pair, which is used as the content for the test image.",ODE: Open-Set Evaluation of Hallucinations in Multimodal Large Language Models,No,No,Methodology,0
Generation and Filtering of Images: ODE uses text-to-image generation models to generate ODE test images.,ODE: Open-Set Evaluation of Hallucinations in Multimodal Large Language Models,No,No,Methodology,0
Evaluation of Inquiries: ODE develops an evaluation Inquiry template to evaluate object-level and attribute-level hallucinations.,ODE: Open-Set Evaluation of Hallucinations in Multimodal Large Language Models,No,No,Methodology,0
"Experiments: ODE is applied to multiple MLLMs, and its effectiveness is demonstrated through experiments.",ODE: Open-Set Evaluation of Hallucinations in Multimodal Large Language Models,No,No,Main Results,0
"Evaluation of Object Hallucinations: ODE is applied to multiple MLLMs, and its effectiveness is demonstrated through experiments.",ODE: Open-Set Evaluation of Hallucinations in Multimodal Large Language Models,No,No,Main Results,0
"Evaluation of Object Hallucinations: ODE is applied to multiple MLLMs, and its effectiveness is demonstrated through experiments.",ODE: Open-Set Evaluation of Hallucinations in Multimodal Large Language Models,No,No,Main Results,0
Evaluation of Object Hallucinations: ODE is applied,ODE: Open-Set Evaluation of Hallucinations in Multimodal Large Language Models,No,No,Main Results,0
"We introduce the first training-free approach for Video Semantic Segmentation (VSS) based on pre-trained diffusion models, termed VidSeg.",VidSeg: Training-free Video Semantic Segmentation based on Diffusion Models,No,No,Contribution,0
A growing research direction attempts to employ diffusion models to perform downstream vision tasks by exploiting their deep understanding of image semantics.,VidSeg: Training-free Video Semantic Segmentation based on Diffusion Models,No,No,Motivation,0
We tackle this problem by introducing a framework tailored for VSS based on pre-trained image and video diffusion models.,VidSeg: Training-free Video Semantic Segmentation based on Diffusion Models,No,No,Contribution,0
"We propose building a scene context model based on the diffusion features, where the model is autoregressively updated to adapt to scene changes.",VidSeg: Training-free Video Semantic Segmentation based on Diffusion Models,No,No,Methodology,0
This context model predicts per-frame coarse segmentation maps and is updated temporally.,VidSeg: Training-free Video Semantic Segmentation based on Diffusion Models,No,No,Methodology,0
"To refine these maps further, we propose a correspondence-based refinement strategy that aggregates predictions temporally, resulting in more confident predictions.",VidSeg: Training-free Video Semantic Segmentation based on Diffusion Models,No,No,Methodology,0
"Finally, we introduce a masked modulation approach to upsample the coarse maps to a high-quality full resolution.",VidSeg: Training-free Video Semantic Segmentation based on Diffusion Models,No,No,Methodology,0
Experiments show that our proposed approach significantly outperforms existing training-free image semantic segmentation approaches on various VSS benchmarks without any training or fine-tuning.,VidSeg: Training-free Video Semantic Segmentation based on Diffusion Models,No,No,Main Results,0
"Moreover, it rivals supervised VSS approaches on the VSPW dataset despite not being explicitly trained for VSS.",VidSeg: Training-free Video Semantic Segmentation based on Diffusion Models,No,No,Main Results,0
The growing research direction in the field of image-based vision tasks such as semantic correspondence and keypoint detection has led to the development of diffusion models that can be used to perform downstream tasks.,VidSeg: Training-free Video Semantic Segmentation based on Diffusion Models,Yes,No,Motivation,1
"However, the majority of these approaches have focused on image-related tasks, such as semantic segmentation, with less emphasis on video tasks like VSS.",VidSeg: Training-free Video Semantic Segmentation based on Diffusion Models,No,No,Motivation,0
The lack of modeling of temporal information in video data has led to subpar performance on VSS tasks.,VidSeg: Training-free Video Semantic Segmentation based on Diffusion Models,No,No,Motivation,0
We aim to provide a training-free approach for VSS based on pre-trained diffusion models.,VidSeg: Training-free Video Semantic Segmentation based on Diffusion Models,No,No,Paper Goal,0
We propose a framework tailored for VSS based on pre-trained image and video diffusion models.,VidSeg: Training-free Video Semantic Segmentation based on Diffusion Models,No,No,Paper Goal,0
We aim to improve temporal consistency by using the spatial features of the diffusion models.,VidSeg: Training-free Video Semantic Segmentation based on Diffusion Models,No,No,Paper Goal,0
We aim to improve temporal consistency by using the temporal features of the diffusion models.,VidSeg: Training-free Video Semantic Segmentation based on Diffusion Models,Yes,No,Paper Goal,1
We build a scene context model based on the diffusion features of the pre-trained image or video diffusion models.,VidSeg: Training-free Video Semantic Segmentation based on Diffusion Models,No,No,Methodology,0
This model predicts per-frame coarse segmentation maps and is autoregressively updated to adapt to scene changes.,VidSeg: Training-free Video Semantic Segmentation based on Diffusion Models,No,No,Methodology,0
"We propose a correspondence-based refinement strategy that aggregates predictions temporally, resulting in more confident predictions.",VidSeg: Training-free Video Semantic Segmentation based on Diffusion Models,No,No,Methodology,0
We introduce a masked modulation approach that upsample the coarse maps to a high-quality full resolution.,VidSeg: Training-free Video Semantic Segmentation based on Diffusion Models,No,No,Methodology,0
We evaluate the proposed approach against existing training-free image semantic segmentation methods by adapting them to the VSS setting.,VidSeg: Training-free Video Semantic Segmentation based on Diffusion Models,No,No,Main Results,0
We implement the proposed approach on various VSS benchmarks and evaluate it against existing training-free image semantic segmentation,VidSeg: Training-free Video Semantic Segmentation based on Diffusion Models,No,No,Main Results,0
The primary motivation for this paper is to develop a novel approach for accurate and fast indoor surface reconstruction using 3D planes as the primary objective.,PlanarSplatting: Accurate Planar Surface Reconstruction in 3 Minutes,No,No,Motivation,0
"The authors aim to leverage the advantages of 3D planes, such as their compactness and structural expressiveness, to improve the quality and speed of indoor surface reconstruction.",PlanarSplatting: Accurate Planar Surface Reconstruction in 3 Minutes,No,No,Motivation,0
The authors aim to develop a novel approach for accurate and fast indoor surface reconstruction using 3D planes as the primary objective.,PlanarSplatting: Accurate Planar Surface Reconstruction in 3 Minutes,No,No,Paper Goal,0
"The authors introduce a new approach called PlanarSplatting, which explicitly optimizes rectangular 3D plane primitives in 3D space by splatting them into 2.5D depth and normal maps.",PlanarSplatting: Accurate Planar Surface Reconstruction in 3 Minutes,No,No,Methodology,0
The authors use a differentiable plane rendering approach to learn the optimal 3D plane primitives directly from the input images.,PlanarSplatting: Accurate Planar Surface Reconstruction in 3 Minutes,No,No,Methodology,0
"The authors demonstrate that their PlanarSplatting approach is able to reconstruct accurate and complete indoor surface scenes in 3 minutes, achieving significant improvements in both geometric accuracy and rendering quality.",PlanarSplatting: Accurate Planar Surface Reconstruction in 3 Minutes,No,No,Main Results,0
"They also demonstrate that their approach is able to improve the rendering quality of multiple scenes, such as ScanNetV2 and ScanNet++.",PlanarSplatting: Accurate Planar Surface Reconstruction in 3 Minutes,Yes,No,Main Results,1
The authors compare their PlanarSplatting approach with other state-of-the-art methods on two large indoor datasets (ScanNetV2 and ScanNet++).,PlanarSplatting: Accurate Planar Surface Reconstruction in 3 Minutes,No,No,Main Results,0
They show that their approach is able to achieve the best results in terms of both geometry quality and rendering quality.,PlanarSplatting: Accurate Planar Surface Reconstruction in 3 Minutes,No,No,Main Results,0
The authors conclude that their PlanarSplatting approach is a novel and effective approach for accurate and fast indoor surface reconstruction using 3D planes as the primary objective.,PlanarSplatting: Accurate Planar Surface Reconstruction in 3 Minutes,No,No,Contribution,0
The authors recommend that researchers continue to explore the use of 3D planes as a new and useful tool for indoor surface reconstruction.,PlanarSplatting: Accurate Planar Surface Reconstruction in 3 Minutes,No,Yes,Contribution,1
The paper introduces a set of key insights about the impact of the probe dataset on concept-based interpretability methods.,"Overlooked Factors in Concept-based Explanations: Dataset Choice, Concept Learnability, and Human Capability",No,No,Contribution,0
"The authors identify and analyze three commonly overlooked factors in concept-based explanations: the choice of the probe dataset, the use of concepts within explanations, and the complexity of the explanations.","Overlooked Factors in Concept-based Explanations: Dataset Choice, Concept Learnability, and Human Capability",No,No,Paper Goal,0
"They find that the choice of the probe dataset has a profound impact on the generated explanations, and that the use of concepts within explanations is not always beneficial.","Overlooked Factors in Concept-based Explanations: Dataset Choice, Concept Learnability, and Human Capability",Yes,No,Main Results,1
"The authors also identify and analyze the limitations of existing concept-based methods, such as the use of hundreds or even thousands of concepts, and the difficulty of learning some concepts.","Overlooked Factors in Concept-based Explanations: Dataset Choice, Concept Learnability, and Human Capability",No,No,Main Results,0
The authors argue that the use of the probe dataset should be carefully chosen to ensure that the generated explanations are generalizable outside the probe dataset.,"Overlooked Factors in Concept-based Explanations: Dataset Choice, Concept Learnability, and Human Capability",Yes,No,Contribution,1
They also provide a user interface for the analysis code.,"Overlooked Factors in Concept-based Explanations: Dataset Choice, Concept Learnability, and Human Capability",No,No,Contribution,0
The authors argue that the use of the probe dataset should be carefully chosen to ensure that the generated explanations are generalizable outside the probe dataset.,"Overlooked Factors in Concept-based Explanations: Dataset Choice, Concept Learnability, and Human Capability",Yes,No,Motivation,1
They argue that the use of the probe dataset should be carefully chosen to ensure that the generated explanations are generalizable outside the probe dataset.,"Overlooked Factors in Concept-based Explanations: Dataset Choice, Concept Learnability, and Human Capability",Yes,No,Motivation,1
The authors aim to identify and analyze the factors that influence the use of the probe dataset in concept-based interpretability methods.,"Overlooked Factors in Concept-based Explanations: Dataset Choice, Concept Learnability, and Human Capability",No,Yes,Paper Goal,1
"The authors use a CVPR paper as the Open Access version, provided by the Computer Vision Foundation.","Overlooked Factors in Concept-based Explanations: Dataset Choice, Concept Learnability, and Human Capability",No,Yes,Methodology,1
They exclude the watermark and the final published version of the proceedings.,"Overlooked Factors in Concept-based Explanations: Dataset Choice, Concept Learnability, and Human Capability",No,Yes,Methodology,1
They conduct a human study with 125 participants recruited from Amazon Mechanical Turk to understand the impact of the probe dataset on concept-based explanations.,"Overlooked Factors in Concept-based Explanations: Dataset Choice, Concept Learnability, and Human Capability",Yes,No,Methodology,1
"They use multiple probe datasets (ADE20k, Pascal, CUB-200-2011) to compare the impact of the probe dataset on concept-based explanations.","Overlooked Factors in Concept-based Explanations: Dataset Choice, Concept Learnability, and Human Capability",No,No,Methodology,0
"They use the probe dataset to generate explanations, and analyze the generated explanations to identify the factors that influence the use of the probe dataset.","Overlooked Factors in Concept-based Explanations: Dataset Choice, Concept Learnability, and Human Capability",No,No,Methodology,0
The authors find that the choice of the probe dataset has a profound impact on the generated explanations.,"Overlooked Factors in Concept-based Explanations: Dataset Choice, Concept Learnability, and Human Capability",No,No,Main Results,0
They find that the use of concepts within explanations is not always beneficial.,"Overlooked Factors in Concept-based Explanations: Dataset Choice, Concept Learnability, and Human Capability",Yes,No,Main Results,1
They find that the use of the probe dataset should be carefully chosen to ensure that the generated explanations are generalizable outside the probe dataset.,"Overlooked Factors in Concept-based Explanations: Dataset Choice, Concept Learnability, and Human Capability",Yes,No,Main Results,1
They find that the use of the probe dataset should be carefully chosen to ensure that the generated explanations are generalizable outside the probe dataset.,"Overlooked Factors in Concept-based Explanations: Dataset Choice, Concept Learnability, and Human Capability",Yes,No,Main Results,1
The authors identify and analyze the factors that influence the use of the probe dataset in concept-based interpretability methods.,"Overlooked Factors in Concept-based Explanations: Dataset Choice, Concept Learnability, and Human Capability",No,Yes,Contribution,1
They argue that the use of the probe dataset should be carefully chosen to ensure that the generated explanations are generalizable outside the probe dataset.,"Overlooked Factors in Concept-based Explanations: Dataset Choice, Concept Learnability, and Human Capability",Yes,No,Contribution,1
They argue that the use of the probe dataset should be carefully chosen to ensure that the generated explanations are,"Overlooked Factors in Concept-based Explanations: Dataset Choice, Concept Learnability, and Human Capability",Yes,No,Contribution,1
Humans universally dislike the task of cleaning up a messy room.,LEGO-Net: Learning Regular Rearrangements of Objects in Rooms,No,No,Motivation,0
"We need methods that understand human criteria for regular room rearrangements, such as symmetry, co-linearity, co-circularity, spacing uniformity, and inter-object relationships.",LEGO-Net: Learning Regular Rearrangements of Objects in Rooms,No,No,Motivation,0
"We present LEGO-Net, a data-driven iterative method for LEarning reGular rearrangement of Objects in messy rooms.",LEGO-Net: Learning Regular Rearrangements of Objects in Rooms,No,No,Paper Goal,0
LEGO-Net is a data-driven transformer-based iterative method for LEarning reGular rearrangement of Objects in messy rooms.,LEGO-Net: Learning Regular Rearrangements of Objects in Rooms,No,No,Methodology,0
LEGO-Net successfully learns the complex regularity rules as demonstrated by the iterative denoising results shown on the right.,LEGO-Net: Learning Regular Rearrangements of Objects in Rooms,No,No,Main Results,0
It is able to reliably rearrange room scenes and outperform other methods.,LEGO-Net: Learning Regular Rearrangements of Objects in Rooms,No,No,Main Results,0
"The existing methods for scene synthesis from scratch, where humans input the initial messy state, or the goal state, are not suitable for the task of room rearrangement.",LEGO-Net: Learning Regular Rearrangements of Objects in Rooms,Yes,No,Motivation,1
"We present LEGO-Net, a data-driven iterative method for LEarning reGular rearrangement of Objects in messy rooms.",LEGO-Net: Learning Regular Rearrangements of Objects in Rooms,No,No,Paper Goal,0
LEGO-Net successfully learns the complex regularity rules as demonstrated by the iterative denoising results shown on the right.,LEGO-Net: Learning Regular Rearrangements of Objects in Rooms,No,No,Main Results,0
It is able to reliably rearrange room scenes and outperform other methods.,LEGO-Net: Learning Regular Rearrangements of Objects in Rooms,No,No,Main Results,0
"The existing methods for scene synthesis from scratch, where humans input the initial messy state, or the goal state, are not suitable for the task of room rearrangement.",LEGO-Net: Learning Regular Rearrangements of Objects in Rooms,Yes,No,Motivation,1
"We present LEGO-Net, a data-driven iterative method for LEarning reGular rearrangement of Objects in messy rooms.",LEGO-Net: Learning Regular Rearrangements of Objects in Rooms,No,No,Paper Goal,0
LEGO-Net successfully learns the complex regularity rules as demonstrated by the iterative denoising results shown on the right.,LEGO-Net: Learning Regular Rearrangements of Objects in Rooms,No,No,Main Results,0
It is able to reliably rearrange room scenes and outperform other methods.,LEGO-Net: Learning Regular Rearrangements of Objects in Rooms,No,No,Main Results,0
"The existing methods for scene synthesis from scratch, where humans input the initial messy state, or the goal state, are not suitable for the task of room rearrangement.",LEGO-Net: Learning Regular Rearrangements of Objects in Rooms,Yes,No,Motivation,1
"We present LEGO-Net, a data-driven iterative method for LEarning reGular rearrangement of Objects in messy rooms.",LEGO-Net: Learning Regular Rearrangements of Objects in Rooms,No,No,Paper Goal,0
LEGO-Net successfully learns the complex regularity rules as demonstrated by the iterative denoising results shown on the right.,LEGO-Net: Learning Regular Rearrangements of Objects in Rooms,No,No,Main Results,0
It is able to reliably rearrange room scenes and outperform other methods.,LEGO-Net: Learning Regular Rearrangements of Objects in Rooms,No,No,Main Results,0
"The existing methods for scene synthesis from scratch, where humans input the initial messy state, or the goal state, are not suitable for the task of room rearrangement.",LEGO-Net: Learning Regular Rearrangements of Objects in Rooms,Yes,No,Motivation,1
"We present LEGO-Net, a data-driven iterative method for LEarning reGular rearrangement of Objects in messy rooms.",LEGO-Net: Learning Regular Rearrangements of Objects in Rooms,No,No,Paper Goal,0
Traditional 3D scene understanding approaches rely on labeled 3D datasets to train a model for a single task with supervision.,OpenScene: 3D Scene Understanding with Open Vocabularies,No,No,Motivation,0
"We propose OpenScene, an alternative approach where a model predicts dense features for 3D points that are co-embedded with text and image pixels in CLIP feature space.",OpenScene: 3D Scene Understanding with Open Vocabularies,No,No,Contribution,0
This zero-shot approach enables taskagnostic training and open-vocabulary queries.,OpenScene: 3D Scene Understanding with Open Vocabularies,No,No,Contribution,0
"For example, to perform SOTA zero-shot 3D semantic segmentation, we first infer CLIP features for every 3D point and then classify them based on similarities to embeddings of arbitrary class labels.",OpenScene: 3D Scene Understanding with Open Vocabularies,No,No,Methodology,0
"More interestingly, it enables a suite of open-vocabulary scene understanding applications that have never been done before.",OpenScene: 3D Scene Understanding with Open Vocabularies,No,No,Contribution,0
"For example, it allows a user to enter an arbitrary text query and then see a heat map indicating which parts of a scene match.",OpenScene: 3D Scene Understanding with Open Vocabularies,No,No,Main Results,0
"Our approach is effective at identifying objects, materials, affordances, activities, and room types in complex 3D scenes, all using a single model trained without any labeled 3D data.",OpenScene: 3D Scene Understanding with Open Vocabularies,No,No,Main Results,0
"To investigate how to use pre-trained textimage embedding models (e.g., CLIP [43]) to assist in 3D scene understanding.",OpenScene: 3D Scene Understanding with Open Vocabularies,No,No,Paper Goal,0
"This paper introduces OpenScene, a zero-shot method for extracting 3D dense features from an open vocabulary embedding space using multi-view fusion and 3D convolution.",OpenScene: 3D Scene Understanding with Open Vocabularies,No,No,Contribution,0
We demonstrate that the extracted features can be used for 3D semantic segmentation with performance better than fully supervised methods for rare classes.,OpenScene: 3D Scene Understanding with Open Vocabularies,No,No,Main Results,0
An overview of our approach is illustrated in Fig. 3.,OpenScene: 3D Scene Understanding with Open Vocabularies,No,No,Methodology,0
We first compute per-pixel features for every image using a model pre-trained for open-vocabulary 2D semantic segmentation.,OpenScene: 3D Scene Understanding with Open Vocabularies,No,No,Methodology,0
We then aggregate the pixel features from multiple views onto every 3D point to form a per-point fused feature vector Sec. 3.1.,OpenScene: 3D Scene Understanding with Open Vocabularies,No,No,Methodology,0
We next distill a 3D network to reproduce the fused features using only the 3D point cloud geometry as input Sec. 3.2.,OpenScene: 3D Scene Understanding with Open Vocabularies,No,No,Methodology,0
"Next, we ensemble the fused 2D features and distilled 3D features into a single per-point feature Sec. 3.3 and use it to answer open-vocabulary queries Sec. 3.4.",OpenScene: 3D Scene Understanding with Open Vocabularies,No,No,Methodology,0
"Sec. 3.1. Image Feature Fusion The first step in our approach is to extract dense perpixel embeddings for each RGB image from a 2D visuallanguage segmentation model, and then back-project them onto the 3D surface points of a scene.",OpenScene: 3D Scene Understanding with Open Vocabularies,No,No,Methodology,0
Sec. 3.2. We then distill a 3D network to reproduce the fused features using only the 3D point cloud geometry as input Sec. 3.3.,OpenScene: 3D Scene Understanding with Open Vocabularies,No,No,Methodology,0
"We propose a novel approach to leverage unlabeled CAD geometry for supervised learning tasks, specifically for few-shot learning.",Self-Supervised Representation Learning for CAD,No,No,Contribution,0
"Our method learns a novel hybrid implicit/explicit surface representation for B-Rep geometry, which is a pre-trained model for few-shot learning.",Self-Supervised Representation Learning for CAD,No,No,Contribution,0
We demonstrate that this pre-training significantly improves few-shot learning performance and achieves state-of-the-art results on several current B-Rep benchmarks.,Self-Supervised Representation Learning for CAD,No,No,Main Results,0
"The lack of labeled data in CAD's native format, i.e., the parametric boundary representation (B-Rep), poses an obstacle at present difficult to overcome.",Self-Supervised Representation Learning for CAD,No,No,Motivation,0
We aim to leverage large databases of unlabeled CAD geometry for analysis and modeling tasks that typically require labels for learning.,Self-Supervised Representation Learning for CAD,No,No,Paper Goal,0
We learn a novel hybrid implicit/explicit surface representation for B-Rep geometry.,Self-Supervised Representation Learning for CAD,No,No,Methodology,0
We then show that this pre-training both significantly improves few-shot learning performance and achieves state-of-the-art performance on several current B-Rep benchmarks.,Self-Supervised Representation Learning for CAD,No,No,Main Results,0
"We propose a novel approach to leverage unlabeled CAD geometry for supervised learning tasks, specifically for few-shot learning.",Self-Supervised Representation Learning for CAD,No,No,Contribution,0
Our method learns a novel hybrid implicit/explicit surface representation for B-Rep geometry.,Self-Supervised Representation Learning for CAD,No,No,Contribution,0
We demonstrate that this pre-training significantly improves few-shot learning performance and achieves state-of-the-art results on several current B-Rep benchmarks.,Self-Supervised Representation Learning for CAD,No,No,Main Results,0
"We propose a novel approach to leverage unlabeled CAD geometry for supervised learning tasks, specifically for few-shot learning.",Self-Supervised Representation Learning for CAD,No,No,Contribution,0
Our method learns a novel hybrid implicit/explicit surface representation for B-Rep geometry.,Self-Supervised Representation Learning for CAD,No,No,Contribution,0
We demonstrate that this pre-training significantly improves few-shot learning performance and achieves state-of-the-art results on several current B-Rep benchmarks.,Self-Supervised Representation Learning for CAD,No,No,Main Results,0
"Multi-task learning (MTL) has gained widespread application for its ability to transfer knowledge across tasks, improving resource efficiency and generalization.",Towards Consistent Multi-Task Learning: Unlocking the Potential of Task-Specific Parameters,No,No,Motivation,0
"Previous gradient-based and loss-based methods primarily focus on gradient optimization in shared parameters, overlooking the potential of task-specific parameters.",Towards Consistent Multi-Task Learning: Unlocking the Potential of Task-Specific Parameters,No,No,Motivation,0
"This work points out that task-specific parameters not only capture task-specific information but also influence the gradients propagated to shared parameters, which in turn affects gradient conflicts.",Towards Consistent Multi-Task Learning: Unlocking the Potential of Task-Specific Parameters,No,No,Contribution,0
"Motivated by this insight, we propose ConsMTL, which models MTL as a bi-level optimization problem: in the upper-level optimization, we perform gradient aggregation on shared parameters to find a joint update vector that minimizes gradient conflicts; in the lower-level optimization, we introduce an additional loss term for task-specific parameters guiding the k gradients of shared parameters to gradually converge towards the joint update vector, consistently mitigating gradient conflicts.",Towards Consistent Multi-Task Learning: Unlocking the Potential of Task-Specific Parameters,No,No,Methodology,0
Our design enables the optimization of both shared and task-specific parameters to consistently mitigate gradient conflicts.,Towards Consistent Multi-Task Learning: Unlocking the Potential of Task-Specific Parameters,No,No,Contribution,0
"Extensive experiments show that ConsMTL achieves SOTA performance across various benchmarks with task numbers ranging from 2 to 40, demonstrating its superior performance.",Towards Consistent Multi-Task Learning: Unlocking the Potential of Task-Specific Parameters,No,No,Main Results,0
"Multi-task learning (MTL) [6, 31, 40] is a framework in which a unified model is designed to address multiple tasks concurrently.",Towards Consistent Multi-Task Learning: Unlocking the Potential of Task-Specific Parameters,No,No,Motivation,0
"By sharing representations and leveraging cross-task information, MTL can boost the generalization capabilities of the model and enhance overall task performance.",Towards Consistent Multi-Task Learning: Unlocking the Potential of Task-Specific Parameters,No,No,Motivation,0
"The challenge of MTL is the existence of gradient conflicts between different tasks, which can lead to a loss of efficiency and performance.",Towards Consistent Multi-Task Learning: Unlocking the Potential of Task-Specific Parameters,Yes,No,Motivation,1
"Previous methods have focused on gradient-based methods, such as gradient descent and gradient descent with momentum, which are effective in addressing the gradient conflict problem.",Towards Consistent Multi-Task Learning: Unlocking the Potential of Task-Specific Parameters,Yes,No,Motivation,1
"However, they are limited by the fact that they only focus on the shared parameters and do not take into account the task-specific information.",Towards Consistent Multi-Task Learning: Unlocking the Potential of Task-Specific Parameters,No,No,Motivation,0
"This work proposes ConsMTL, which models MTL as a bi-level optimization problem, where the upper-level optimization focuses on the shared parameters and the lower-level optimization focuses on the task-specific parameters.",Towards Consistent Multi-Task Learning: Unlocking the Potential of Task-Specific Parameters,No,No,Contribution,0
The objective is to leverage the potential of both shared and task-specific parameters to consistently mitigate gradient conflicts.,Towards Consistent Multi-Task Learning: Unlocking the Potential of Task-Specific Parameters,No,No,Contribution,0
ConsMTL is designed to address the problem of gradient conflicts by utilizing the optimization of both shared and task-specific parameters to consistently mitigate them.,Towards Consistent Multi-Task Learning: Unlocking the Potential of Task-Specific Parameters,No,No,Contribution,0
We utilize a single model to optimize k >= 2 tasks simultaneously.,Towards Consistent Multi-Task Learning: Unlocking the Potential of Task-Specific Parameters,No,No,Methodology,0
"The input space is defined as X, and the model consists of shared parameters theta_s and task-specific parameters {theta_i}.",Towards Consistent Multi-Task Learning: Unlocking the Potential of Task-Specific Parameters,No,No,Methodology,0
"For task i and input sample x in X, the task-specific loss is represented as li = li(x, theta_s, theta_i).",Towards Consistent Multi-Task Learning: Unlocking the Potential of Task-Specific Parameters,No,No,Methodology,0
MTL can leverage shared knowledge across tasks to improve data efficiency and generalization performance.,Revisiting Fairness in Multitask Learning: A Performance-Driven Approach for Variance Reduction,No,No,Motivation,0
"However, task imbalance remains a significant challenge for existing methods.",Revisiting Fairness in Multitask Learning: A Performance-Driven Approach for Variance Reduction,No,No,Motivation,0
To propose a new approach for MTL that incorporates performance-level information as an explicit fairness indicator.,Revisiting Fairness in Multitask Learning: A Performance-Driven Approach for Variance Reduction,No,No,Paper Goal,0
"Define a Pareto front for the set of tasks, where the best-performing task is the Pareto front itself.",Revisiting Fairness in Multitask Learning: A Performance-Driven Approach for Variance Reduction,No,Yes,Methodology,1
"Introduce a metric, deltami, to measure the performance level of each task.",Revisiting Fairness in Multitask Learning: A Performance-Driven Approach for Variance Reduction,No,No,Methodology,0
Introduce a dynamic weighting strategy to gradually reduce the performance variance.,Revisiting Fairness in Multitask Learning: A Performance-Driven Approach for Variance Reduction,No,No,Methodology,0
"Implement a novel approach, PIVRG, that incorporates the performance-level information into the optimization process.",Revisiting Fairness in Multitask Learning: A Performance-Driven Approach for Variance Reduction,No,No,Methodology,0
"PIVRG achieves SOTA performance across various benchmarks, including supervised and reinforcement learning tasks with varying numbers of tasks.",Revisiting Fairness in Multitask Learning: A Performance-Driven Approach for Variance Reduction,No,No,Main Results,0
"PIVRG achieves SOTA performance across various benchmarks, including supervised and reinforcement learning tasks with varying numbers of tasks.",Revisiting Fairness in Multitask Learning: A Performance-Driven Approach for Variance Reduction,No,No,Main Results,0
PIVRG demonstrates that incorporating performance-level information into MTL can lead to better performance and fairness.,Revisiting Fairness in Multitask Learning: A Performance-Driven Approach for Variance Reduction,No,No,Contribution,0
A novel approach for MTL that incorporates performance-level information as an explicit fairness indicator.,Revisiting Fairness in Multitask Learning: A Performance-Driven Approach for Variance Reduction,No,No,Contribution,0
A dynamic weighting strategy to gradually reduce the performance variance.,Revisiting Fairness in Multitask Learning: A Performance-Driven Approach for Variance Reduction,No,No,Contribution,0
A novel approach for MTL that incorporates the performance-level information into the optimization process.,Revisiting Fairness in Multitask Learning: A Performance-Driven Approach for Variance Reduction,No,No,Contribution,0
PivRg is a new approach that incorporates performance-level information into the optimization process.,Revisiting Fairness in Multitask Learning: A Performance-Driven Approach for Variance Reduction,No,No,Contribution,0
PivRg is a new approach that incorporates the performance-level information into the optimization process.,Revisiting Fairness in Multitask Learning: A Performance-Driven Approach for Variance Reduction,No,No,Contribution,0
MTL can leverage shared knowledge across tasks to improve data efficiency and generalization performance.,Revisiting Fairness in Multitask Learning: A Performance-Driven Approach for Variance Reduction,No,No,Motivation,0
"However, task imbalance remains a significant challenge for existing methods.",Revisiting Fairness in Multitask Learning: A Performance-Driven Approach for Variance Reduction,No,No,Motivation,0
To propose a new approach for MTL that incorporates performance-level information as an explicit fairness indicator.,Revisiting Fairness in Multitask Learning: A Performance-Driven Approach for Variance Reduction,No,No,Paper Goal,0
"Define a Pareto front for the set of tasks, where the best-performing task is the Pareto front itself.",Revisiting Fairness in Multitask Learning: A Performance-Driven Approach for Variance Reduction,No,Yes,Methodology,1
"Introduce a metric, deltami, to measure the performance level of each task.",Revisiting Fairness in Multitask Learning: A Performance-Driven Approach for Variance Reduction,No,No,Methodology,0
"The existing VICL paradigm exhibits poor generalizability under distribution shifts, making it difficult to adapt to new domains.",Test-Time Visual In-Context Tuning,No,No,Motivation,0
"We propose Test-time Visual In-Context Tuning (VICT), a method that can adapt VICL models on the fly with a single test sample.",Test-Time Visual In-Context Tuning,No,No,Contribution,0
"Specifically, we flip the role between the task prompts and the test sample, and use a cycle consistency loss to reconstruct the original task prompt output.",Test-Time Visual In-Context Tuning,No,No,Contribution,0
"We use the AdamW optimizer with a learning rate of 0.001, a weight decay of 0, and a batch size of 1.",Test-Time Visual In-Context Tuning,Yes,No,Methodology,1
We evaluate the model performance on six representative vision tasks across 15 common corruptions.,Test-Time Visual In-Context Tuning,No,No,Methodology,0
"We conduct experiments on six representative vision tasks across 15 common corruptions, showing that our VICT significantly improves the performance of the original VICL models.",Test-Time Visual In-Context Tuning,No,No,Main Results,0
"We evaluate the model performance on six representative vision tasks across 15 common corruptions, showing that our VICT significantly improves the performance of the original VICL models.",Test-Time Visual In-Context Tuning,No,No,Main Results,0
"We conduct experiments on six representative vision tasks across 15 common corruptions, showing that our VICT significantly improves the performance of the original VICL models.",Test-Time Visual In-Context Tuning,No,No,Main Results,0
"We compare VICT with Painter under 15 common corruptions, showing that VICT outperforms Painter by clear margins in both zero-shot and one-shot.",Test-Time Visual In-Context Tuning,No,No,Main Results,0
"We compare VICT with Painter under 15 common corruptions, showing that VICT outperforms Painter by clear margins in both zero-shot and one-shot.",Test-Time Visual In-Context Tuning,No,No,Main Results,0
"We compare VICT with Painter under 15 common corruptions, showing that VICT outperforms Painter by clear margins in both zero-shot and one-shot.",Test-Time Visual In-Context Tuning,No,No,Main Results,0
"We compare VICT with Painter under 15 common corruptions, showing that VICT outperforms Painter by clear margins in both zero-shot and one-shot.",Test-Time Visual In-Context Tuning,No,No,Main Results,0
"We compare VICT with Painter under 15 common corruptions, showing that VICT outperforms Painter by clear margins in both zero-shot and one-shot.",Test-Time Visual In-Context Tuning,No,No,Main Results,0
"We compare VICT with Painter under 15 common corruptions, showing that VICT outperforms Painter by clear margins in both zero-shot and one-shot.",Test-Time Visual In-Context Tuning,No,No,Main Results,0
"The work introduces SketchAgent, a language-driven, sequential sketch generation method that enables users to create, modify, and refine sketches through dynamic, conversational interactions.",SketchAgent: Language-Driven Sequential Sketch Generation,No,No,Contribution,0
"The method leverages multimodal large language models (LLMs) to enable versatile, progressive, and language-driven sketching.",SketchAgent: Language-Driven Sequential Sketch Generation,No,No,Methodology,0
"To enable a versatile tool for externalizing ideas, enabling rapid exploration and visual communication that spans various disciplines.",SketchAgent: Language-Driven Sequential Sketch Generation,No,No,Paper Goal,0
"SketchAgent is a language-driven, sequential sketch generation method that enables users to create, modify, and refine sketches through dynamic, conversational interactions.",SketchAgent: Language-Driven Sequential Sketch Generation,No,No,Methodology,0
The method requires no training or fine-tuning.,SketchAgent: Language-Driven Sequential Sketch Generation,No,No,Methodology,0
"Instead, it leverages the sequential nature and rich prior knowledge of off-the-shelf multimodal large language models (LLMs).",SketchAgent: Language-Driven Sequential Sketch Generation,No,No,Methodology,0
"The agent can generate sketches across a wide range of textual concepts, from animals to engineering principles, and can be used for sketching tasks such as drawing sketches.",SketchAgent: Language-Driven Sequential Sketch Generation,No,No,Main Results,0
"SketchAgent is a versatile tool for sketching, enabling users to create, modify, and refine sketches through dynamic, conversational interactions.",SketchAgent: Language-Driven Sequential Sketch Generation,No,No,Main Results,0
"SketchAgent can generate sketches across a wide range of textual concepts, from animals to engineering principles.",SketchAgent: Language-Driven Sequential Sketch Generation,No,No,Main Results,0
SketchAgent can be used for sketching tasks such as drawing sketches.,SketchAgent: Language-Driven Sequential Sketch Generation,No,No,Main Results,0
"SketchAgent can generate sketches across a wide range of textual concepts, from animals to engineering principles.",SketchAgent: Language-Driven Sequential Sketch Generation,No,No,Main Results,0
SketchAgent can be used for sketching tasks such as drawing sketches.,SketchAgent: Language-Driven Sequential Sketch Generation,No,No,Main Results,0
"SketchAgent can generate sketches across a wide range of textual concepts, from animals to engineering principles.",SketchAgent: Language-Driven Sequential Sketch Generation,No,No,Main Results,0
SketchAgent can be used for sketching tasks such as drawing sketches.,SketchAgent: Language-Driven Sequential Sketch Generation,No,No,Main Results,0
"SketchAgent can generate sketches across a wide range of textual concepts, from animals to engineering principles.",SketchAgent: Language-Driven Sequential Sketch Generation,No,No,Main Results,0
SketchAgent can be used for sketching tasks such as drawing sketches.,SketchAgent: Language-Driven Sequential Sketch Generation,No,No,Main Results,0
"SketchAgent can generate sketches across a wide range of textual concepts, from animals to engineering principles.",SketchAgent: Language-Driven Sequential Sketch Generation,No,No,Main Results,0
SketchAgent can be used for sketching tasks such as drawing sketches.,SketchAgent: Language-Driven Sequential Sketch Generation,No,No,Main Results,0
"SketchAgent can generate sketches across a wide range of textual concepts, from animals to engineering principles.",SketchAgent: Language-Driven Sequential Sketch Generation,No,No,Main Results,0
SketchAgent can be used for sketching tasks such as drawing sketches.,SketchAgent: Language-Driven Sequential Sketch Generation,No,No,Main Results,0
"SketchAgent can generate sketches across a wide range of textual concepts, from animals to engineering principles.",SketchAgent: Language-Driven Sequential Sketch Generation,No,No,Main Results,0
SketchAgent can be used for sketching tasks such as drawing sketches.,SketchAgent: Language-Driven Sequential Sketch Generation,No,No,Main Results,0
"SketchAgent can generate sketches across a wide range of textual concepts, from animals to engineering principles.",SketchAgent: Language-Driven Sequential Sketch Generation,No,No,Main Results,0
"The study of animal communication has been largely restricted to data from field recordings or controlled environments, which is expensive and limited in scale and variety.",Transcribing Vocal Communications of Domestic Shiba Inu Dogs,No,No,Motivation,0
"In this paper, we take domestic Shiba Inu dogs as an example, extract their vocal communications from a large amount of YouTube videos.",Transcribing Vocal Communications of Domestic Shiba Inu Dogs,No,No,Contribution,0
"We classify these clips into different scenarios and locations, and further transcribe the audio into phonetically symbolic scripts through a systematic process.",Transcribing Vocal Communications of Domestic Shiba Inu Dogs,No,No,Methodology,0
"We discover consistent phonetic symbols among their expressions, which indicates that Shiba Inu dogs can have systematic verbal communication patterns.",Transcribing Vocal Communications of Domestic Shiba Inu Dogs,No,No,Main Results,0
We now describe the method of constructing ShibaScript.,Transcribing Vocal Communications of Domestic Shiba Inu Dogs,No,No,Methodology,0
"To collect these clean Shiba Inu barks and endow them with corresponding transcripts, a six-step process is used.",Transcribing Vocal Communications of Domestic Shiba Inu Dogs,No,No,Methodology,0
"These steps, in sequence, are getting videos related to Shiba Inu dogs, extracting barks as “sentences” removing barks with noise, extracting barks as “words”, separating syllables, and clustering to assign appropriate phonemes based on their acoustic features.",Transcribing Vocal Communications of Domestic Shiba Inu Dogs,No,No,Methodology,0
"We present preliminary statistical findings from ShibaScript, including lexical analysis and transcribing accuracy evaluation.",Transcribing Vocal Communications of Domestic Shiba Inu Dogs,No,No,Main Results,0
We discover the certain phonetic pattern of Shiba Inu dogs and assign a vocal dictioary.,Transcribing Vocal Communications of Domestic Shiba Inu Dogs,No,No,Main Results,0
"We find that the consistency of phonetic symbols among their expressions is consistent, indicating that Shiba Inu dogs can have systematic verbal communication patterns.",Transcribing Vocal Communications of Domestic Shiba Inu Dogs,No,No,Main Results,0
This reusable framework produces the first-of-its-kind Shiba Inu vocal communication dataset that will be valuable to future research in both zoology and linguistics.,Transcribing Vocal Communications of Domestic Shiba Inu Dogs,No,No,Contribution,0
The dataset will help with future research on canine communication as well as any general audience who are interested in learning what dogs want to express.,Transcribing Vocal Communications of Domestic Shiba Inu Dogs,No,No,Main Results,0
The primary motivation for developing SkillQG is to provide a framework for assessing and improving machine reading comprehension models.,SkillQG: Learning to Generate Question for Reading Comprehension Assessment,No,No,Motivation,0
"The framework is designed to cater to the different comprehension types of questions, such as REMEMBER, UNDERSTAND, ANALYZE, CREATE, and EVALUATE, which are based on Bloom's Taxonomy.",SkillQG: Learning to Generate Question for Reading Comprehension Assessment,No,No,Motivation,0
The framework is designed to be flexible and adaptable to different types of questions.,SkillQG: Learning to Generate Question for Reading Comprehension Assessment,No,No,Motivation,0
The paper aims to provide a framework for assessing and improving machine reading comprehension models by incorporating the different comprehension types of questions.,SkillQG: Learning to Generate Question for Reading Comprehension Assessment,No,No,Paper Goal,0
"The framework is designed using a sequence-to-sequence model, where the input is a context c and the output is a question q that reflects the corresponding skill.",SkillQG: Learning to Generate Question for Reading Comprehension Assessment,No,No,Methodology,0
"The framework is trained on a large dataset of FairytaleQA, which focuses on narrative comprehension of English text for both machines and young children.",SkillQG: Learning to Generate Question for Reading Comprehension Assessment,No,No,Methodology,0
"The framework achieves higher scores in terms of answerability, demonstrating the effectiveness of incorporating extra knowledge and question focuses in generating the questions.",SkillQG: Learning to Generate Question for Reading Comprehension Assessment,No,No,Main Results,0
"The framework achieves higher scores in terms of syntactic similarity metrics, such as BLEU-4 and ROUGE-L, which indicate that the framework is better at capturing the meaning and structure of the text.",SkillQG: Learning to Generate Question for Reading Comprehension Assessment,No,No,Main Results,0
"The framework achieves higher scores in terms of relevance metrics, such as BERTScore, which indicate that the framework is better at capturing the meaning and intent of the text.",SkillQG: Learning to Generate Question for Reading Comprehension Assessment,No,No,Main Results,0
"The framework achieves higher scores in terms of comprehension controllability, such as the interannotator Krippendorff's alpha for the interannotator agreement, which indicates that the framework is better at capturing the different levels of comprehension.",SkillQG: Learning to Generate Question for Reading Comprehension Assessment,No,No,Main Results,0
"The framework is a valuable tool for assessing and improving machine reading comprehension models, which can help us better understand the different levels of comprehension and provide more relevant and controllable questions.",SkillQG: Learning to Generate Question for Reading Comprehension Assessment,No,No,Contribution,0
The framework can be further improved by incorporating more examples and more sophisticated prompts.,SkillQG: Learning to Generate Question for Reading Comprehension Assessment,Yes,No,Contribution,1
"The authors plan to further improve the framework by incorporating more examples and more sophisticated prompts, such as using more informative prompts and more complex prompts to generate more relevant and controllable questions.",SkillQG: Learning to Generate Question for Reading Comprehension Assessment,Yes,No,Contribution,1
The few-shot QA task requires minimal data augmentation for effective and efficient few-shot QA.,MINPROMPT: Graph-based Minimal Prompt Data Augmentation for Few-shot Question Answering,No,No,Motivation,0
"To propose MINPROMPT, a minimal data augmentation framework for open-domain QA based on an approximate graph algorithm and unsupervised question generation.",MINPROMPT: Graph-based Minimal Prompt Data Augmentation for Few-shot Question Answering,No,No,Paper Goal,0
"MINPROMPT consists of three modules: sentence graph construction, data selection, and question generation.",MINPROMPT: Graph-based Minimal Prompt Data Augmentation for Few-shot Question Answering,No,No,Methodology,0
"MINPROMPT achieves comparable or better results than baseline methods on the open-domain QA task, with a high degree of efficiency.",MINPROMPT: Graph-based Minimal Prompt Data Augmentation for Few-shot Question Answering,No,No,Main Results,0
"It is able to synthesize the most informative QA training samples out of the raw text, reducing the training data to a small fraction of the original.",MINPROMPT: Graph-based Minimal Prompt Data Augmentation for Few-shot Question Answering,No,No,Main Results,0
"MINPROMPT is able to generate QA pairs based on the selected sentences, which are then used to train the model.",MINPROMPT: Graph-based Minimal Prompt Data Augmentation for Few-shot Question Answering,No,No,Main Results,0
The model is trained on the selected sentences to improve its performance.,MINPROMPT: Graph-based Minimal Prompt Data Augmentation for Few-shot Question Answering,No,No,Main Results,0
"MINPROMPT achieves comparable or better results than baseline methods on the open-domain QA task, with a high degree of efficiency.",MINPROMPT: Graph-based Minimal Prompt Data Augmentation for Few-shot Question Answering,No,No,Main Results,0
"It is able to synthesize the most informative QA training samples out of the raw text, reducing the training data to a small fraction of the original.",MINPROMPT: Graph-based Minimal Prompt Data Augmentation for Few-shot Question Answering,No,No,Main Results,0
MINPROMPT is a minimal data augmentation framework for open-domain QA based on an approximate graph algorithm and unsupervised question generation.,MINPROMPT: Graph-based Minimal Prompt Data Augmentation for Few-shot Question Answering,No,No,Contribution,0
"It synthesizes the most informative QA training samples out of the raw text, reducing the training data to a small fraction of the original.",MINPROMPT: Graph-based Minimal Prompt Data Augmentation for Few-shot Question Answering,No,No,Main Results,0
"MINPROMPT is able to generate QA pairs based on the selected sentences, which are then used to train the model.",MINPROMPT: Graph-based Minimal Prompt Data Augmentation for Few-shot Question Answering,No,No,Main Results,0
"MINPROMPT is able to achieve comparable or better results than baseline methods on the open-domain QA task, with a high degree of efficiency.",MINPROMPT: Graph-based Minimal Prompt Data Augmentation for Few-shot Question Answering,No,No,Main Results,0
"It is able to synthesize the most informative QA training samples out of the raw text, reducing the training data to a small fraction of the original.",MINPROMPT: Graph-based Minimal Prompt Data Augmentation for Few-shot Question Answering,No,No,Main Results,0
"MINPROMPT is able to achieve comparable or better results than baseline methods on the open-domain QA task, with a high degree of efficiency.",MINPROMPT: Graph-based Minimal Prompt Data Augmentation for Few-shot Question Answering,No,No,Main Results,0
"It is able to synthesize the most informative QA training samples out of the raw text, reducing the training data to a small fraction of the original.",MINPROMPT: Graph-based Minimal Prompt Data Augmentation for Few-shot Question Answering,No,No,Main Results,0
"MINPROMPT is able to achieve comparable or better results than baseline methods on the open-domain QA task, with a high degree of efficiency.",MINPROMPT: Graph-based Minimal Prompt Data Augmentation for Few-shot Question Answering,No,No,Main Results,0
The paper introduces a new approach to automatically generate feature descriptions for large language models (LLMs).,Enhancing Automated Interpretability with Output-Centric Feature Descriptions,No,No,Contribution,0
The authors propose two output-centric methods for improving the quality of feature descriptions.,Enhancing Automated Interpretability with Output-Centric Feature Descriptions,No,No,Contribution,0
"The authors argue that current pipelines only provide descriptions based on inputs, which are costly and prone to errors.",Enhancing Automated Interpretability with Output-Centric Feature Descriptions,No,No,Motivation,0
They propose two methods to address this problem.,Enhancing Automated Interpretability with Output-Centric Feature Descriptions,No,No,Motivation,0
"The authors aim to improve the quality of feature descriptions by using input-centric methods to capture the input-side features, while output-centric methods are used to capture the output-side features.",Enhancing Automated Interpretability with Output-Centric Feature Descriptions,No,No,Paper Goal,0
VocabProj uses the projection of the feature vector to the vocabulary space to identify the top tokens that are most relevant to the feature.,Enhancing Automated Interpretability with Output-Centric Feature Descriptions,No,No,Methodology,0
This method is more computationally efficient than using only input features.,Enhancing Automated Interpretability with Output-Centric Feature Descriptions,No,No,Methodology,0
TokenChange uses the top tokens of the feature vector to identify the top tokens that are most relevant to the feature.,Enhancing Automated Interpretability with Output-Centric Feature Descriptions,Yes,No,Methodology,1
This method is more computationally efficient than using only output features.,Enhancing Automated Interpretability with Output-Centric Feature Descriptions,Yes,No,Methodology,1
The authors demonstrate that VocabProj is more effective than MaxAct in capturing the causal effect of a feature on the model's output.,Enhancing Automated Interpretability with Output-Centric Feature Descriptions,No,No,Main Results,0
They show that VocabProj is more effective in capturing the causal effect of a feature on the model's output compared to MaxAct.,Enhancing Automated Interpretability with Output-Centric Feature Descriptions,No,No,Main Results,0
The authors demonstrate that TokenChange is more effective than MaxAct in capturing the causal effect of a feature on the model's output.,Enhancing Automated Interpretability with Output-Centric Feature Descriptions,No,No,Main Results,0
They show that TokenChange is more effective in capturing the causal effect of a feature on the model's output compared to MaxAct.,Enhancing Automated Interpretability with Output-Centric Feature Descriptions,No,No,Main Results,0
The authors demonstrate that VocabProj is more effective than MaxAct in capturing the causal effect of a feature on the model's output.,Enhancing Automated Interpretability with Output-Centric Feature Descriptions,No,No,Main Results,0
They show that VocabProj is more effective in capturing the causal effect of a feature on the model's output compared to MaxAct.,Enhancing Automated Interpretability with Output-Centric Feature Descriptions,No,No,Main Results,0
The authors demonstrate that TokenChange is more effective than MaxAct in capturing the causal effect of a feature on the model's output.,Enhancing Automated Interpretability with Output-Centric Feature Descriptions,No,No,Main Results,0
They show that TokenChange is more effective in capturing the causal effect of a feature on the model's output compared to MaxAct.,Enhancing Automated Interpretability with Output-Centric Feature Descriptions,No,No,Main Results,0
The authors demonstrate that VocabProj is more effective than MaxAct in capturing the causal effect of a feature on the model's output.,Enhancing Automated Interpretability with Output-Centric Feature Descriptions,No,No,Main Results,0
They show that VocabProj is more effective in capturing the causal effect of a feature on the model's output compared to MaxAct.,Enhancing Automated Interpretability with Output-Centric Feature Descriptions,No,No,Main Results,0
The authors demonstrate that TokenChange is more effective than MaxAct in capturing the causal effect of a feature on the model's output.,Enhancing Automated Interpretability with Output-Centric Feature Descriptions,No,No,Main Results,0
"In the era of rapidly evolving large language models (LLMs), state-of-the-art rumor detection systems, particularly those based on Message Propagation Trees (MPTs), are facing increasing threats from adversarial attacks that leverage LLMs to generate and inject malicious messages.",SINCon: Mitigate LLM-Generated Malicious Message Injection Attack for Rumor Detection,No,No,Motivation,0
Existing methods are based on the assumption that different nodes exhibit varying degrees of influence on predictions.,SINCon: Mitigate LLM-Generated Malicious Message Injection Attack for Rumor Detection,No,No,Motivation,0
They define nodes with high predictive influence as important nodes and target them for attacks.,SINCon: Mitigate LLM-Generated Malicious Message Injection Attack for Rumor Detection,No,No,Motivation,0
"If the model treats nodes' predictive influence more uniformly, attackers will find it harder to target high predictive influence nodes.",SINCon: Mitigate LLM-Generated Malicious Message Injection Attack for Rumor Detection,No,No,Motivation,0
"In this paper, we propose Similarizing the predictive Influence of Nodes with Contrastive Learning (SINCon), a defense mechanism that encourages the model to learn graph representations where nodes with varying importance have a more uniform influence on predictions.",SINCon: Mitigate LLM-Generated Malicious Message Injection Attack for Rumor Detection,No,No,Contribution,0
Extensive experiments on the Twitter and Weibo datasets demonstrate that SINCon not only preserves high classification accuracy on clean data but also significantly enhances resistance against LLM-driven message injection attacks.,SINCon: Mitigate LLM-Generated Malicious Message Injection Attack for Rumor Detection,No,No,Main Results,0
"We identify the imbalance in node influence within MPT-based rumor detection models, which makes them vulnerable to malicious message injection attacks.",SINCon: Mitigate LLM-Generated Malicious Message Injection Attack for Rumor Detection,No,No,Contribution,0
"We introduce SINCon, a contrastive learning method that balances node influence, reducing the model's vulnerability to attacks.",SINCon: Mitigate LLM-Generated Malicious Message Injection Attack for Rumor Detection,No,No,Contribution,0
We conduct extensive experiments on Twitter and Weibo datasets to evaluate the effectiveness of SINCon.,SINCon: Mitigate LLM-Generated Malicious Message Injection Attack for Rumor Detection,No,No,Methodology,0
Our results show that SINCon improves model robustness to LLM-driven attacks while maintaining high performance on clean data.,SINCon: Mitigate LLM-Generated Malicious Message Injection Attack for Rumor Detection,No,No,Main Results,0
"We propose a self-supervised regularization method, SINCon, to enhance the robustness of rumor detection models.",SINCon: Mitigate LLM-Generated Malicious Message Injection Attack for Rumor Detection,No,No,Methodology,0
"We demonstrate that SINCon can reduce the model's sensitivity to adversarial message injections, making it significantly more resilient to LLM-driven attacks while maintaining high performance on clean data.",SINCon: Mitigate LLM-Generated Malicious Message Injection Attack for Rumor Detection,No,No,Main Results,0
We propose a contrastive loss objective to evaluate the effectiveness of SINCon.,SINCon: Mitigate LLM-Generated Malicious Message Injection Attack for Rumor Detection,Yes,No,Methodology,1
We validate the effectiveness of SINCon on both clean data and data subjected to LLM-driven message injection attacks.,SINCon: Mitigate LLM-Generated Malicious Message Injection Attack for Rumor Detection,No,No,Main Results,0
We demonstrate that SINCon significantly enhances the robustness of rumor detection models.,SINCon: Mitigate LLM-Generated Malicious Message Injection Attack for Rumor Detection,No,No,Main Results,0
"We demonstrate that SINCon can reduce the model's sensitivity to adversarial message injections, making it significantly more resilient to LLM-driven attacks while maintaining high performance on clean data.",SINCon: Mitigate LLM-Generated Malicious Message Injection Attack for Rumor Detection,No,No,Main Results,0
"We demonstrate that SINCon can reduce the model's sensitivity to adversarial message injections, making it significantly more resilient to LLM-driven attacks while maintaining high performance on clean data.",SINCon: Mitigate LLM-Generated Malicious Message Injection Attack for Rumor Detection,No,No,Main Results,0
"We demonstrate that SINCon can reduce the model's sensitivity to adversarial message injections, making it significantly more resilient to LLM-driven attacks while maintaining high performance on clean data.",SINCon: Mitigate LLM-Generated Malicious Message Injection Attack for Rumor Detection,No,No,Main Results,0
"The paper proposes a novel verifier framework, LOVER, that is unsupervised and can reason over the internal activations of LLMs.",Logic-Regularized Verifier Elicits Reasoning from LLMs,No,No,Contribution,0
"LOVER is principled, scalable, and can be trained using any off-the-shelf LLMs.",Logic-Regularized Verifier Elicits Reasoning from LLMs,No,No,Contribution,0
To demonstrate the effectiveness of LOVER in comparison to supervised baselines.,Logic-Regularized Verifier Elicits Reasoning from LLMs,No,No,Paper Goal,0
LLMs are trained using a supervised learning paradigm (Sup.) or an unsupervised learning paradigm (Unsup.).,Logic-Regularized Verifier Elicits Reasoning from LLMs,No,No,Methodology,0
LLMs are trained using a contrastive assertion strategy (Sec. 2.1).,Logic-Regularized Verifier Elicits Reasoning from LLMs,Yes,No,Methodology,1
A probabilistic model (Sec. 2.3) that encodes the latent variables of the verifier.,Logic-Regularized Verifier Elicits Reasoning from LLMs,No,No,Methodology,0
Logical constraints are incorporated as priors (Sec. 2.4).,Logic-Regularized Verifier Elicits Reasoning from LLMs,No,No,Methodology,0
The final loss function is the sum of three losses (Sec. 2.5).,Logic-Regularized Verifier Elicits Reasoning from LLMs,No,No,Methodology,0
LOVER achieves the highest accuracy across all datasets (Table 2).,Logic-Regularized Verifier Elicits Reasoning from LLMs,No,No,Main Results,0
LOVER (sum) consistently outperforms CoT-Decoding (max) by 2.9% and 19.5% respectively.,Logic-Regularized Verifier Elicits Reasoning from LLMs,Yes,No,Main Results,1
LOVER (sum) achieves an average absolute accuracy gain of 3.3% over CoT-Decoding.,Logic-Regularized Verifier Elicits Reasoning from LLMs,Yes,No,Main Results,1
LOVER (sum) achieves an average absolute accuracy gain of 2.9% over CoT-Decoding.,Logic-Regularized Verifier Elicits Reasoning from LLMs,No,No,Main Results,0
LOVER (sum) consistently outperforms CoT-Decoding.,Logic-Regularized Verifier Elicits Reasoning from LLMs,No,No,Main Results,0
LOVER (sum) achieves an average absolute accuracy gain of 2.9% over CoT-Decoding.,Logic-Regularized Verifier Elicits Reasoning from LLMs,No,No,Main Results,0
LOVER (sum) achieves an average absolute accuracy gain of 2.9% over CoT-Decoding.,Logic-Regularized Verifier Elicits Reasoning from LLMs,No,No,Main Results,0
LOVER (sum) achieves an average absolute accuracy gain of 2.9% over CoT-Decoding.,Logic-Regularized Verifier Elicits Reasoning from LLMs,No,No,Main Results,0
LOVER (sum) achieves an average absolute accuracy gain of 2.9% over CoT-Decoding.,Logic-Regularized Verifier Elicits Reasoning from LLMs,No,No,Main Results,0
LOVER (sum) achieves an average absolute accuracy gain of 2.9% over CoT-Decoding.,Logic-Regularized Verifier Elicits Reasoning from LLMs,No,No,Main Results,0
LOVER (sum) achieves an average absolute accuracy gain of 2.9% over CoT-Decoding.,Logic-Regularized Verifier Elicits Reasoning from LLMs,No,No,Main Results,0
LOVER (sum) achieves an average absolute accuracy gain of 2.9% over CoT-Decoding.,Logic-Regularized Verifier Elicits Reasoning from LLMs,No,No,Main Results,0
LOVER (sum) achieves an average absolute accuracy gain of 2.9% over CoT-Decoding.,Logic-Regularized Verifier Elicits Reasoning from LLMs,No,No,Main Results,0
"The long input context length in LLMs poses a significant challenge in inference efficiency, especially when using fixed context.",Squeezed Attention: Accelerating Long Context Length LLM Inference,No,No,Motivation,0
"We propose Squeezed Attention to accelerate LLM applications by leveraging K-means clustering offline to group fixed context keys based on semantic similarity, and then computing exact attention using only the most relevant keys.",Squeezed Attention: Accelerating Long Context Length LLM Inference,No,No,Contribution,0
"To propose a method for accelerating LLM applications by leveraging K-means clustering offline to group fixed context keys based on semantic similarity, and then computing exact attention using only the most relevant keys.",Squeezed Attention: Accelerating Long Context Length LLM Inference,No,No,Paper Goal,0
We propose Squeezed Attention as a method to accelerate fixed context applications by accelerating the attention computation.,Squeezed Attention: Accelerating Long Context Length LLM Inference,No,No,Methodology,0
"Our method, illustrated in Figure 1, accelerates inference by quickly identifying which keys in the fixed context are important for a given query token.",Squeezed Attention: Accelerating Long Context Length LLM Inference,No,No,Methodology,0
"Offline before inference, we cluster the keys in the fixed context based on their semantic similarity and then represent them with a single representative ""key centroid"".",Squeezed Attention: Accelerating Long Context Length LLM Inference,No,No,Methodology,0
"At inference time, when the user input is received, we retrieve the important keys by first comparing the query tokens with the key centroids, rather than the entire set of keys, in order to identify the important key clusters for the current query.",Squeezed Attention: Accelerating Long Context Length LLM Inference,No,No,Methodology,0
"Once the important clusters are identified, we only compute exact attention with these keys.",Squeezed Attention: Accelerating Long Context Length LLM Inference,No,No,Methodology,0
"We evaluate our method on various long-context benchmarks including LongBench, where it achieves a 3.1x reduction in KV budget with no noticeable accuracy loss and up to an 8x reduction with only a 0.5 point accuracy gap for the LLaMA-2-7B-32K, LWM-TextChat-1M, and Longchat-7B-v1.5-32K models.",Squeezed Attention: Accelerating Long Context Length LLM Inference,No,No,Main Results,0
"Futhermore, we implement kernels for centroid comparison and sparse FlashAttention with important keys, achieving more than 4x speedups during both the prefill and generation phases for long-context inference.",Squeezed Attention: Accelerating Long Context Length LLM Inference,No,No,Main Results,0
Our code is available at https://github.com/SqueezeAILab/SqueezedAttention.,Squeezed Attention: Accelerating Long Context Length LLM Inference,No,No,Contribution,0
"We leverage K-means clustering offline to group non-consecutive keys by their semantic similarity, and then represent them with a single representative ""key centroid"".",Squeezed Attention: Accelerating Long Context Length LLM Inference,No,No,Methodology,0
"At inference time, when the user input is received, we retrieve the important keys by comparing the query tokens with the key centroids, rather than the entire set of keys, in order to identify the important key clusters for the current query.",Squeezed Attention: Accelerating Long Context Length LLM Inference,No,No,Methodology,0
"We design efficient Triton kernels for performing the centroid comparison and computing sparse FlashAttention with only the important keys, achieving 4.3x and 4.2x speedups during",Squeezed Attention: Accelerating Long Context Length LLM Inference,No,No,Main Results,0
We introduce a scalable data construction pipeline to enable hundreds of millions of high-quality caption data annotation.,Scalable Vision Language Model Training via High Quality Data Curation,No,No,Contribution,0
"We scale SAIL-VL's pretraining budget up to 655B tokens, demonstrating logarithmic data size scaling laws in benchmark performance.",Scalable Vision Language Model Training via High Quality Data Curation,No,No,Main Results,0
"We scale SAIL-VL's SFT stages up to 12 stages, achieving the highest average score in 18 widely used VLM benchmarks.",Scalable Vision Language Model Training via High Quality Data Curation,Yes,No,Main Results,1
We introduce a scalable data construction pipeline and model training pipeline.,Scalable Vision Language Model Training via High Quality Data Curation,No,No,Contribution,0
We demonstrate model performance scaling laws based on pretraining data quality and data size.,Scalable Vision Language Model Training via High Quality Data Curation,No,No,Contribution,0
The state-of-the-art (SOTA) performance of VLMs in 2B and 8B parameters is challenging.,Scalable Vision Language Model Training via High Quality Data Curation,No,No,Motivation,0
The lack of scalable pretraining data quality and data size scaling laws.,Scalable Vision Language Model Training via High Quality Data Curation,No,No,Motivation,0
Previous works have focused on improving the quality of pretraining data.,Scalable Vision Language Model Training via High Quality Data Curation,No,No,Motivation,0
"We introduce SAIL-VL, an open-source vision language model series achieving state-of-the-art performance.",Scalable Vision Language Model Training via High Quality Data Curation,No,No,Contribution,0
We introduce a scalable data construction pipeline to enable hundreds of millions of high-quality caption data annotation.,Scalable Vision Language Model Training via High Quality Data Curation,No,No,Contribution,0
"We scale SAIL-VL's pretraining budget up to 655B tokens, demonstrating logarithmic data size scaling laws in benchmark performance.",Scalable Vision Language Model Training via High Quality Data Curation,No,No,Main Results,0
"We scale SAIL-VL's SFT stages up to 12 stages, achieving the highest average score in 18 widely used VLM benchmarks.",Scalable Vision Language Model Training via High Quality Data Curation,Yes,No,Main Results,1
We introduce a scalable data construction pipeline and model training pipeline.,Scalable Vision Language Model Training via High Quality Data Curation,No,No,Contribution,0
We demonstrate model performance scaling laws based on pretraining data quality and data size.,Scalable Vision Language Model Training via High Quality Data Curation,No,No,Contribution,0
The state-of-the-art (SOTA) performance of VLMs in 2B and 8B parameters is challenging.,Scalable Vision Language Model Training via High Quality Data Curation,No,No,Motivation,0
The lack of scalable pretraining data quality and data size scaling laws.,Scalable Vision Language Model Training via High Quality Data Curation,No,No,Motivation,0
Previous works have focused on improving the quality of pretraining data.,Scalable Vision Language Model Training via High Quality Data Curation,No,No,Motivation,0
"We introduce SAIL-VL, an open-source vision language model series achieving state-of-the-art performance.",Scalable Vision Language Model Training via High Quality Data Curation,No,No,Contribution,0
The paper presents a systematic study on the impact of adding parallel data on large language models' multilingual capabilities.,Just Go Parallel: Improving the Multilingual Capabilities of Large Language Models,No,No,Contribution,0
"The authors conducted experiments on the translation and common-sense reasoning tasks, focusing on the use of parallel data in the training process.",Just Go Parallel: Improving the Multilingual Capabilities of Large Language Models,No,No,Methodology,0
"They found that adding parallel data to the training data significantly improves multilingual capabilities, especially when parallel data is added at the beginning of the training process.",Just Go Parallel: Improving the Multilingual Capabilities of Large Language Models,Yes,No,Main Results,1
The authors also found that the presence of bilingual signals in the training data is crucial for the effectiveness of parallel data in enhancing multilingual capabilities.,Just Go Parallel: Improving the Multilingual Capabilities of Large Language Models,No,No,Main Results,0
"The authors conducted experiments on the translation and common-sense reasoning tasks, focusing on the use of parallel data in the training process.",Just Go Parallel: Improving the Multilingual Capabilities of Large Language Models,No,No,Methodology,0
"They found that adding parallel data to the training data significantly improves multilingual capabilities, especially when parallel data is added at the beginning of the training process.",Just Go Parallel: Improving the Multilingual Capabilities of Large Language Models,Yes,No,Main Results,1
The authors also found that the presence of bilingual signals in the training data is crucial for the effectiveness of parallel data in enhancing multilingual capabilities.,Just Go Parallel: Improving the Multilingual Capabilities of Large Language Models,No,No,Main Results,0
"The authors conducted experiments on the translation and common-sense reasoning tasks, focusing on the use of parallel data in the training process.",Just Go Parallel: Improving the Multilingual Capabilities of Large Language Models,No,No,Methodology,0
"They found that adding parallel data to the training data significantly improves multilingual capabilities, especially when parallel data is added at the beginning of the training process.",Just Go Parallel: Improving the Multilingual Capabilities of Large Language Models,Yes,No,Main Results,1
The authors also found that the presence of bilingual signals in the training data is crucial for the effectiveness of parallel data in enhancing multilingual capabilities.,Just Go Parallel: Improving the Multilingual Capabilities of Large Language Models,No,No,Main Results,0
"The authors conducted experiments on the translation and common-sense reasoning tasks, focusing on the use of parallel data in the training process.",Just Go Parallel: Improving the Multilingual Capabilities of Large Language Models,No,No,Methodology,0
"They found that adding parallel data to the training data significantly improves multilingual capabilities, especially when parallel data is added at the beginning of the training process.",Just Go Parallel: Improving the Multilingual Capabilities of Large Language Models,Yes,No,Main Results,1
The authors also found that the presence of bilingual signals in the training data is crucial for the effectiveness of parallel data in enhancing multilingual capabilities.,Just Go Parallel: Improving the Multilingual Capabilities of Large Language Models,No,No,Main Results,0
"The authors conducted experiments on the translation and common-sense reasoning tasks, focusing on the use of parallel data in the training process.",Just Go Parallel: Improving the Multilingual Capabilities of Large Language Models,No,No,Methodology,0
"They found that adding parallel data to the training data significantly improves multilingual capabilities, especially when parallel data is added at the beginning of the training process.",Just Go Parallel: Improving the Multilingual Capabilities of Large Language Models,Yes,No,Main Results,1
The authors also found that the presence of bilingual signals in the training data is crucial for the effectiveness of parallel data in enhancing multilingual capabilities.,Just Go Parallel: Improving the Multilingual Capabilities of Large Language Models,No,No,Main Results,0
"The authors conducted experiments on the translation and common-sense reasoning tasks, focusing on the use of parallel data in the training process.",Just Go Parallel: Improving the Multilingual Capabilities of Large Language Models,No,No,Methodology,0
"They found that adding parallel data to the training data significantly improves multilingual capabilities, especially when parallel data is added at the beginning of the training process.",Just Go Parallel: Improving the Multilingual Capabilities of Large Language Models,Yes,No,Main Results,1
The authors also found that the presence of bilingual signals in the training data is crucial for the effectiveness of parallel data in enhancing multilingual capabilities.,Just Go Parallel: Improving the Multilingual Capabilities of Large Language Models,No,No,Main Results,0
The primary motivation of this paper is to establish a novel solution for extending the context window of existing long VLMs (Qwen2-VL).,Design Choices for Extending the Context Length of Visual Language Models,No,No,Motivation,0
The goal is to enhance long context performance while preserving the model's ability to handle short context scenarios.,Design Choices for Extending the Context Length of Visual Language Models,No,No,Motivation,0
To establish a novel solution for extending the context window of existing long VLMs (Qwen2-VL).,Design Choices for Extending the Context Length of Visual Language Models,No,No,Paper Goal,0
The goal is to enhance long context performance while preserving the model's ability to handle short context scenarios.,Design Choices for Extending the Context Length of Visual Language Models,No,No,Paper Goal,0
We analyze the data sources and lengths to construct ETVLM (Extended Training Data Matrix).,Design Choices for Extending the Context Length of Visual Language Models,No,Yes,Methodology,1
We ensure that the data composition is balanced and representative of the target context length.,Design Choices for Extending the Context Length of Visual Language Models,No,No,Methodology,0
"We expand the data by incorporating long context instruction data, short multimodal instruction data, and video instruction data.",Design Choices for Extending the Context Length of Visual Language Models,No,No,Methodology,0
We propose M-RoPE++ (Multi-Dimensional Interpolation) to extend the position embedding on spatial and temporal dimensions.,Design Choices for Extending the Context Length of Visual Language Models,No,Yes,Methodology,1
We propose GIRAFFE (Giraffe Extended Training) to leverage the fixed context length.,Design Choices for Extending the Context Length of Visual Language Models,No,Yes,Methodology,1
"We evaluate the performance of Qwen2-VL on various tasks such as single image understanding, long video tasks, and multi-image and long videos.",Design Choices for Extending the Context Length of Visual Language Models,No,No,Main Results,0
We find that the proposed method GIRAFFE achieves state-of-the-art performance among long VLMs.,Design Choices for Extending the Context Length of Visual Language Models,No,No,Main Results,0
We demonstrate that the proposed method GIRAFFE achieves state-of-the-art long context performance among long VLMs.,Design Choices for Extending the Context Length of Visual Language Models,No,No,Main Results,0
We demonstrate that the proposed method GIRAFFE achieves state-of-the-art short context performance.,Design Choices for Extending the Context Length of Visual Language Models,Yes,No,Main Results,1
We demonstrate that the proposed method GIRAFFE achieves state-of-the-art long context performance.,Design Choices for Extending the Context Length of Visual Language Models,No,No,Main Results,0
We demonstrate that the proposed method GIRAFFE achieves state-of-the-art long context performance.,Design Choices for Extending the Context Length of Visual Language Models,No,No,Main Results,0
We demonstrate that the proposed method GIRAFFE achieves state-of-the-art long context performance.,Design Choices for Extending the Context Length of Visual Language Models,No,No,Main Results,0
We demonstrate that the proposed method GIRAFFE achieves state-of-the-art long context performance.,Design Choices for Extending the Context Length of Visual Language Models,No,No,Main Results,0
We demonstrate that the proposed method GIRAFFE achieves state-of-the-art long context performance.,Design Choices for Extending the Context Length of Visual Language Models,No,No,Main Results,0
We demonstrate that the proposed method GIRAFFE achieves state-of-the-art long context performance.,Design Choices for Extending the Context Length of Visual Language Models,No,No,Main Results,0
We demonstrate that the proposed method GIRAFFE achieves state-of-the-art long context performance.,Design Choices for Extending the Context Length of Visual Language Models,No,No,Main Results,0
"The work aims to evaluate the capabilities of large language models (LLMs) in simulating virtual environments, specifically text-based games.",Can Language Models Serve as Text-Based World Simulators?,No,No,Motivation,0
The goal is to determine if LLMs can serve as reliable world simulators by directly quantifying their state transitions.,Can Language Models Serve as Text-Based World Simulators?,No,No,Motivation,0
"The authors propose a new benchmark, BYTESIZED32-SP, containing a dataset of text game state transitions and accompanying game tasks.",Can Language Models Serve as Text-Based World Simulators?,No,No,Methodology,0
They use this to directly quantify the state transitions of LLMs in the context of text-based games.,Can Language Models Serve as Text-Based World Simulators?,No,No,Methodology,0
"GPT-4, a state-of-the-art LLM, demonstrates the ability to simulate state transitions in the context of text-based games.",Can Language Models Serve as Text-Based World Simulators?,No,No,Contribution,0
"GPT-4 is able to accurately predict the state transitions of 77.1% of dynamic actions, 49.7% of dynamic environment, and 92.1% of dynamic game transitions.",Can Language Models Serve as Text-Based World Simulators?,Yes,No,Main Results,1
"GPT-4 is able to predict the state difference of 92.1% of the state transitions, with a 10% improvement in accuracy compared to GPT-3.5.",Can Language Models Serve as Text-Based World Simulators?,Yes,No,Main Results,1
"GPT-4 is able to predict the state difference of 92.1% of the state transitions, with a 10% improvement in accuracy compared to GPT-3.5.",Can Language Models Serve as Text-Based World Simulators?,Yes,No,Main Results,1
The authors argue that LLMs can be used as reliable world simulators by directly quantifying their state transitions.,Can Language Models Serve as Text-Based World Simulators?,Yes,No,Motivation,1
"LLMs are used as simulators in many domains, such as decision-making tasks, but they are expensive and complex to build.",Can Language Models Serve as Text-Based World Simulators?,Yes,No,Motivation,1
The authors argue that LLMs can be used as reliable world simulators by directly quantifying their state transitions.,Can Language Models Serve as Text-Based World Simulators?,Yes,No,Motivation,1
"The authors propose a new benchmark, BYTESIZED32-SP, containing a dataset of text game state transitions and accompanying game tasks.",Can Language Models Serve as Text-Based World Simulators?,No,No,Methodology,0
They use this to directly quantify the state transitions of LLMs in the context of text-based games.,Can Language Models Serve as Text-Based World Simulators?,No,No,Methodology,0
"GPT-4, a state-of-the-art LLM, demonstrates the ability to simulate state transitions in the context of text-based games.",Can Language Models Serve as Text-Based World Simulators?,No,No,Contribution,0
"GPT-4 is able to accurately predict the state transitions of 77.1% of dynamic actions, 49.7% of dynamic environment, and 92.1% of dynamic game transitions.",Can Language Models Serve as Text-Based World Simulators?,Yes,No,Main Results,1
"GPT-4 is able to predict the state difference of 92.1% of the state transitions, with a 10% improvement in accuracy compared",Can Language Models Serve as Text-Based World Simulators?,Yes,No,Main Results,1
The objective of this work is to evaluate the behavior of a set of compression-based language complexity metrics when applied to a large set of native South American languages.,Analysing and Validating Language Complexity Metrics Across South American Indigenous Languages,No,No,Motivation,0
"The goal is to validate the desirable properties of such metrics against a more diverse set of languages, guaranteeing the universality of the techniques developed on the basis of this type of theoretical artifact.",Analysing and Validating Language Complexity Metrics Across South American Indigenous Languages,No,No,Paper Goal,0
"The work is based on the analysis of a set of language complexity metrics proposed by Juola (1998, 2005, 2008) and Ehret and Szmrecsanyi (2016).",Analysing and Validating Language Complexity Metrics Across South American Indigenous Languages,No,No,Methodology,0
"The authors conducted experiments on a large dataset of South American languages, including a substantial set of languages.",Analysing and Validating Language Complexity Metrics Across South American Indigenous Languages,No,No,Methodology,0
"They repeated the experiments with data from South American indigenous languages, attempting to ascertain whether the desirable properties of these metrics remain solid when incorporating frequently excluded languages.",Analysing and Validating Language Complexity Metrics Across South American Indigenous Languages,No,No,Methodology,0
"The authors found that the proposed metrics were consistent with the theoretical and experimental propositions previously proposed by Juola (1998, 2005, 2008).",Analysing and Validating Language Complexity Metrics Across South American Indigenous Languages,No,No,Main Results,0
The authors also observed that the trade-off between morphological and syntactic complexities is strongly related to language phylogeny.,Analysing and Validating Language Complexity Metrics Across South American Indigenous Languages,No,No,Main Results,0
The work demonstrated that the proposed metrics are robust and can be used to validate the desirable properties of the metrics against a more diverse set of languages.,Analysing and Validating Language Complexity Metrics Across South American Indigenous Languages,No,No,Contribution,0
"The work presents a comprehensive analysis of a set of compression-based language complexity metrics, evaluating their behavior on a large set of native South American languages.",Analysing and Validating Language Complexity Metrics Across South American Indigenous Languages,No,No,Contribution,0
"The authors validate the desirable properties of the metrics against a more diverse set of languages, guaranteeing the universality of the techniques developed on the basis of this type of theoretical artifact.",Analysing and Validating Language Complexity Metrics Across South American Indigenous Languages,No,No,Paper Goal,0
The work also demonstrates that the trade-off between morphological and syntactic complexities is strongly related to language phylogeny.,Analysing and Validating Language Complexity Metrics Across South American Indigenous Languages,No,No,Main Results,0
The authors conclude that the proposed metrics are robust and can be used to validate the desirable properties of the metrics against a more diverse set of languages.,Analysing and Validating Language Complexity Metrics Across South American Indigenous Languages,No,No,Contribution,0
"The purpose of this paper is to introduce a benchmark, CDEval, aimed at measuring the cultural dimensions of Large Language Models (LLMs).",CDEval: A Benchmark for Measuring the Cultural Dimensions of Large Language Models,No,No,Motivation,0
"The benchmark is constructed by combining automatic generation with GPT-4 and human verification, covering six cultural dimensions across seven domains.",CDEval: A Benchmark for Measuring the Cultural Dimensions of Large Language Models,No,No,Motivation,0
The goal is to provide a comprehensive evaluation of the cultural dimensions of mainstream LLMs.,CDEval: A Benchmark for Measuring the Cultural Dimensions of Large Language Models,No,No,Motivation,0
To evaluate the cultural dimensions of LLMs by administering questionnaires.,CDEval: A Benchmark for Measuring the Cultural Dimensions of Large Language Models,No,No,Paper Goal,0
The paper follows the evaluation settings of Scherrer et al. (2023).,CDEval: A Benchmark for Measuring the Cultural Dimensions of Large Language Models,No,No,Methodology,0
"The CDEval benchmark is constructed by incorporating GPT-4's automated generation and human verification, covering six cultural dimensions across seven domains.",CDEval: A Benchmark for Measuring the Cultural Dimensions of Large Language Models,No,No,Methodology,0
"The dataset is composed of 2953 questionnaires, each containing 2953 questions.",CDEval: A Benchmark for Measuring the Cultural Dimensions of Large Language Models,Yes,No,Methodology,1
"The questionnaire pipeline includes schema definition, data generation, and verification.",CDEval: A Benchmark for Measuring the Cultural Dimensions of Large Language Models,No,No,Methodology,0
"The CDEval benchmark includes six cultural dimensions: Power Distance Index (PDI), Individualism (IDV), Uncertainty Avoidance Index (UAI), Masculinity (MAS), Long-term Orientation (LTO), and Indulgence vs. Restraint (IVR).",CDEval: A Benchmark for Measuring the Cultural Dimensions of Large Language Models,No,No,Main Results,0
The CDEval benchmark is constructed by combining GPT-4's automated generation and human verification.,CDEval: A Benchmark for Measuring the Cultural Dimensions of Large Language Models,No,No,Main Results,0
"The CDEval benchmark is constructed by incorporating GPT-4's automated generation and human verification, covering six cultural dimensions across seven domains.",CDEval: A Benchmark for Measuring the Cultural Dimensions of Large Language Models,No,No,Main Results,0
"The CDEval benchmark is constructed by incorporating GPT-4's automated generation and human verification, covering six cultural dimensions across seven domains.",CDEval: A Benchmark for Measuring the Cultural Dimensions of Large Language Models,No,No,Main Results,0
"The CDEval benchmark is constructed by incorporating GPT-4's automated generation and human verification, covering six cultural dimensions across seven domains.",CDEval: A Benchmark for Measuring the Cultural Dimensions of Large Language Models,No,No,Main Results,0
"The CDEval benchmark is constructed by incorporating GPT-4's automated generation and human verification, covering six cultural dimensions across seven domains.",CDEval: A Benchmark for Measuring the Cultural Dimensions of Large Language Models,No,No,Main Results,0
"The CDEval benchmark is constructed by incorporating GPT-4's automated generation and human verification, covering six cultural dimensions across seven domains.",CDEval: A Benchmark for Measuring the Cultural Dimensions of Large Language Models,No,No,Main Results,0
"The CDEval benchmark is constructed by incorporating GPT-4's automated generation and human verification, covering six cultural dimensions across seven domains.",CDEval: A Benchmark for Measuring the Cultural Dimensions of Large Language Models,No,No,Main Results,0
"The CDEval benchmark is constructed by incorporating GPT-4's automated generation and human verification, covering six cultural dimensions across seven domains.",CDEval: A Benchmark for Measuring the Cultural Dimensions of Large Language Models,No,No,Main Results,0
The CDEval benchmark is constructed by incorporating GPT-4's automated generation and human verification.,CDEval: A Benchmark for Measuring the Cultural Dimensions of Large Language Models,No,No,Main Results,0
"The paper introduces a novel pipeline for extracting high-quality, culturally-related instruction tuning datasets from vast unstructured corpora.",CRAFT: Extracting and Tuning Cultural Instructions from the Wild,No,No,Contribution,0
The pipeline utilizes a self-instruction generation pipeline to identify cultural concepts and trigger instruction.,CRAFT: Extracting and Tuning Cultural Instructions from the Wild,No,No,Methodology,0
"By integrating with a general-purpose instruction tuning dataset, the model demonstrates enhanced capabilities in recognizing and understanding regional cultural nuances, thereby enhancing its reasoning capabilities.",CRAFT: Extracting and Tuning Cultural Instructions from the Wild,No,No,Main Results,0
The primary goal of the paper is to develop a pipeline for extracting culturally-related instruction tuning datasets from unstructured corpora.,CRAFT: Extracting and Tuning Cultural Instructions from the Wild,No,No,Paper Goal,0
"The paper introduces the CRAFT method, which is designed to synthesize cultural instructions from a vast, unlabeled corpus.",CRAFT: Extracting and Tuning Cultural Instructions from the Wild,No,No,Methodology,0
"The methodology involves selecting a collection of culturally relevant text segments from a large corpus of unstructured data, which are then used to fine-tune the model.",CRAFT: Extracting and Tuning Cultural Instructions from the Wild,No,No,Methodology,0
The pipeline utilizes a self-instruction generation pipeline to identify cultural concepts and trigger instruction.,CRAFT: Extracting and Tuning Cultural Instructions from the Wild,No,No,Methodology,0
"The paper presents the main results of the CRAFT method across three regions: Singapore, the Philippines, and the US.",CRAFT: Extracting and Tuning Cultural Instructions from the Wild,No,No,Main Results,0
"The results show that the CRAFT method is effective in improving the general knowledge of the models, particularly in Singapore.",CRAFT: Extracting and Tuning Cultural Instructions from the Wild,Yes,No,Main Results,1
"The model demonstrates a clear performance improvement across all three regions, with a 6% improvement in general knowledge.",CRAFT: Extracting and Tuning Cultural Instructions from the Wild,Yes,No,Main Results,1
The CRAFT method also shows a significant improvement in the ability of the models to reason within cultural contexts.,CRAFT: Extracting and Tuning Cultural Instructions from the Wild,No,No,Main Results,0
"The paper introduces the CRAFT method, which is designed to synthesize culturally-related instruction tuning datasets from unstructured corpora.",CRAFT: Extracting and Tuning Cultural Instructions from the Wild,No,No,Contribution,0
The pipeline utilizes a self-instruction generation pipeline to identify cultural concepts and trigger instruction.,CRAFT: Extracting and Tuning Cultural Instructions from the Wild,No,No,Methodology,0
"By integrating with a general-purpose instruction tuning dataset, the model demonstrates enhanced capabilities in recognizing and understanding regional cultural nuances, thereby enhancing its reasoning capabilities.",CRAFT: Extracting and Tuning Cultural Instructions from the Wild,No,No,Main Results,0
"The paper introduces a novel pipeline for extracting high-quality, culturally-related instruction tuning datasets from vast unstructured corpora.",CRAFT: Extracting and Tuning Cultural Instructions from the Wild,No,No,Contribution,0
The pipeline utilizes a self-instruction generation pipeline to identify cultural concepts and trigger instruction.,CRAFT: Extracting and Tuning Cultural Instructions from the Wild,No,No,Methodology,0
"By integrating with a general-purpose instruction tuning dataset, the model demonstrates enhanced capabilities in recognizing and understanding regional cultural nuances, thereby enhancing its reasoning capabilities.",CRAFT: Extracting and Tuning Cultural Instructions from the Wild,No,No,Main Results,0
The primary goal of the paper is to develop a pipeline for extracting culturally-related instruction tuning datasets from unstructured corpora.,CRAFT: Extracting and Tuning Cultural Instructions from the Wild,No,No,Paper Goal,0
The pipeline utilizes a self-instruction generation pipeline to identify cultural concepts and trigger instruction.,CRAFT: Extracting and Tuning Cultural Instructions from the Wild,No,No,Methodology,0
"By integrating with a general-purpose instruction tuning dataset, the model demonstrates enhanced capabilities in recognizing and understanding regional cultural nuances, thereby enhancing its reasoning capabilities.",CRAFT: Extracting and Tuning Cultural Instructions from the Wild,No,No,Main Results,0
"The paper introduces the CRAFT method, which is designed to synthesize culturally-related instruction tuning datasets from unstructured corpora.",CRAFT: Extracting and Tuning Cultural Instructions from the Wild,No,No,Methodology,0
The study explores the sources of instability in maintaining cultural personas and opinions within multi-agent LLM systems.,"Conformity, Confabulation, and Impersonation: Persona Inconstancy in Multi-Agent LLM Collaboration",No,No,Motivation,0
To analyze agents' pre- and post-discussion private responses alongside chat transcripts to assess the stability of cultural personas and the impact of opinion diversity on group outcomes.,"Conformity, Confabulation, and Impersonation: Persona Inconstancy in Multi-Agent LLM Collaboration",No,No,Paper Goal,0
"The authors use GPT-3.5-Turbo with AutoGen, an open-source framework for multi-agent collaboration, to simulate intercultural collaboration and debate using a global opinion survey dataset.","Conformity, Confabulation, and Impersonation: Persona Inconstancy in Multi-Agent LLM Collaboration",No,No,Methodology,0
The authors follow a three-step process (Appendix B for full instructions) to conduct the experiments.,"Conformity, Confabulation, and Impersonation: Persona Inconstancy in Multi-Agent LLM Collaboration",No,No,Methodology,0
The authors measure the ratio of entropy levels across different entropy classes to determine the diversity of opinions during onboarding and debate.,"Conformity, Confabulation, and Impersonation: Persona Inconstancy in Multi-Agent LLM Collaboration",No,No,Main Results,0
"They find that the diversity of opinions is higher in debate compared to collaboration, with the lowest entropy level corresponding to the group with the highest diversity.","Conformity, Confabulation, and Impersonation: Persona Inconstancy in Multi-Agent LLM Collaboration",Yes,No,Main Results,1
The authors analyze the diversity of opinions during debate and collaboration to determine the impact of opinion diversity on group outcomes.,"Conformity, Confabulation, and Impersonation: Persona Inconstancy in Multi-Agent LLM Collaboration",No,No,Main Results,0
The authors find evidence of sophisticated interaction dynamics in a multi-agent framework for GPT3.5-Turbo personas with different nationalities that discussed contentious international relations topics.,"Conformity, Confabulation, and Impersonation: Persona Inconstancy in Multi-Agent LLM Collaboration",No,No,Main Results,0
They highlight the generative nature of multi-agent LLM frameworks.,"Conformity, Confabulation, and Impersonation: Persona Inconstancy in Multi-Agent LLM Collaboration",No,No,Contribution,0
"The authors highlight the uneven distribution of examples across entropy classes, which was driven by the unequal representation of global perspectives in the GlobalOpinionsQA dataset.","Conformity, Confabulation, and Impersonation: Persona Inconstancy in Multi-Agent LLM Collaboration",No,No,Motivation,0
"The authors provide evidence that private post-discussion interrogations of models can counteract some of the pressure produced by the majority opinion, similar to what has been found in human conformity experiments (Asch, 1956).","Conformity, Confabulation, and Impersonation: Persona Inconstancy in Multi-Agent LLM Collaboration",No,No,Contribution,0
This provides a way to make outputs drawn from multi-agent frameworks more representative of diverse perspectives.,"Conformity, Confabulation, and Impersonation: Persona Inconstancy in Multi-Agent LLM Collaboration",No,No,Contribution,0
The study explores the sources of instability in maintaining cultural personas and opinions within multi-agent LLM systems.,"Conformity, Confabulation, and Impersonation: Persona Inconstancy in Multi-Agent LLM Collaboration",No,No,Motivation,0
To analyze agents' pre- and post-discussion private responses alongside chat transcripts to assess the stability of cultural personas and the impact of opinion diversity on group outcomes.,"Conformity, Confabulation, and Impersonation: Persona Inconstancy in Multi-Agent LLM Collaboration",No,No,Paper Goal,0
"The authors use GPT-3.5-Turbo with AutoGen, an open-source framework for multi-agent collaboration, to simulate intercultural collaboration and debate using a global opinion survey dataset.","Conformity, Confabulation, and Impersonation: Persona Inconstancy in Multi-Agent LLM Collaboration",No,No,Methodology,0
We present a French corpus of daylong audio recordings longitudinally collected with the LENA system from infants aged 3 to 24 months.,Daily auditory environments in French-speaking infants: A longitudinal dataset,No,No,Contribution,0
"We conduct a thorough exploration of this data set, which serves as a quality check for both the data and the analysis tools.",Daily auditory environments in French-speaking infants: A longitudinal dataset,No,No,Methodology,0
We evaluate the reliability of LENA metrics by systematically comparing them with those obtained from the ChildProject set of tools and checking the known dynamics of the metrics with age.,Daily auditory environments in French-speaking infants: A longitudinal dataset,No,No,Methodology,0
We also replicate findings from Warlaumont et al. (2014) about the increase of infants' speech vocalizations and temporal contingencies between infants and caregivers with age.,Daily auditory environments in French-speaking infants: A longitudinal dataset,No,No,Main Results,0
"The purpose of this paper is to provide a comprehensive analysis of the daily auditory environment in French-speaking infants aged 3 to 24 months, which has not been previously explored in the literature.",Daily auditory environments in French-speaking infants: A longitudinal dataset,Yes,No,Motivation,1
"To provide a detailed analysis of the daily auditory environment in French-speaking infants aged 3 to 24 months, which has not been previously explored in the literature.",Daily auditory environments in French-speaking infants: A longitudinal dataset,Yes,No,Paper Goal,1
We collected a large dataset of daylong audio recordings longitudinally from 3 to 24 months of age using the LENA system.,Daily auditory environments in French-speaking infants: A longitudinal dataset,No,No,Methodology,0
We then compared the LENA metrics with those from the ChildProject set of tools to assess the reliability of the metrics.,Daily auditory environments in French-speaking infants: A longitudinal dataset,No,No,Methodology,0
We also replicated findings from Warlaumont et al. (2014) about the increase of infants' speech vocalizations and temporal contingencies between infants and caregivers with age.,Daily auditory environments in French-speaking infants: A longitudinal dataset,No,No,Main Results,0
"We found that the LENA metrics are reliable in French, although the LENA metrics are lower than the human annotations in some languages.",Daily auditory environments in French-speaking infants: A longitudinal dataset,No,No,Main Results,0
"We found that the LENA metrics are reliable in French, although the LENA metrics are lower than the human annotations in some languages.",Daily auditory environments in French-speaking infants: A longitudinal dataset,No,No,Main Results,0
We replicated findings from Warlaumont et al. (2014) about the increase of infants' speech vocalizations and temporal contingencies between infants and caregivers with age.,Daily auditory environments in French-speaking infants: A longitudinal dataset,No,No,Main Results,0
We present a French corpus of daylong audio recordings longitudinally collected with the LENA system from infants aged 3 to 24 months.,Daily auditory environments in French-speaking infants: A longitudinal dataset,No,No,Contribution,0
"We conduct a thorough exploration of this data set, which serves as a quality check for both the data and the analysis tools.",Daily auditory environments in French-speaking infants: A longitudinal dataset,No,No,Methodology,0
We evaluate the reliability of LENA metrics by systematically comparing them with those obtained from the ChildProject set of tools and checking the known dynamics of the metrics with age.,Daily auditory environments in French-speaking infants: A longitudinal dataset,No,No,Methodology,0
We also replicate findings from Warlaumont et al. (2014) about the increase of infants' speech vocalizations and temporal contingencies between infants and caregivers with age.,Daily auditory environments in French-speaking infants: A longitudinal dataset,No,No,Main Results,0
"The existing models are limited by the lack of semantic information in user and item embeddings, which limits their ability to generate explanations for recommendations.",Enhancing Explainable Rating Prediction through Annotated Macro Concepts,No,No,Motivation,0
"To propose a framework, CEER, that utilizes macro concepts as a bridge between user and item embeddings and the review embeddings to generate explanations for recommendations.",Enhancing Explainable Rating Prediction through Annotated Macro Concepts,Yes,No,Paper Goal,1
The framework consists of two primary components: a macro concept annotator and an explanation generator.,Enhancing Explainable Rating Prediction through Annotated Macro Concepts,No,No,Methodology,0
"The existing models are limited by the lack of semantic information in user and item embeddings, which limits their ability to generate explanations for recommendations.",Enhancing Explainable Rating Prediction through Annotated Macro Concepts,No,No,Motivation,0
The framework consists of two primary components: a macro concept annotator and an explanation generator.,Enhancing Explainable Rating Prediction through Annotated Macro Concepts,No,No,Methodology,0
"The existing models are limited by the lack of semantic information in user and item embeddings, which limits their ability to generate explanations for recommendations.",Enhancing Explainable Rating Prediction through Annotated Macro Concepts,No,No,Motivation,0
The framework consists of two primary components: a macro concept annotator and an explanation generator.,Enhancing Explainable Rating Prediction through Annotated Macro Concepts,No,No,Methodology,0
"The existing models are limited by the lack of semantic information in user and item embeddings, which limits their ability to generate explanations for recommendations.",Enhancing Explainable Rating Prediction through Annotated Macro Concepts,No,No,Motivation,0
The framework consists of two primary components: a macro concept annotator and an explanation generator.,Enhancing Explainable Rating Prediction through Annotated Macro Concepts,No,No,Methodology,0
"The existing models are limited by the lack of semantic information in user and item embeddings, which limits their ability to generate explanations for recommendations.",Enhancing Explainable Rating Prediction through Annotated Macro Concepts,No,No,Motivation,0
The framework consists of two primary components: a macro concept annotator and an explanation generator.,Enhancing Explainable Rating Prediction through Annotated Macro Concepts,No,No,Methodology,0
"The existing models are limited by the lack of semantic information in user and item embeddings, which limits their ability to generate explanations for recommendations.",Enhancing Explainable Rating Prediction through Annotated Macro Concepts,No,No,Motivation,0
The framework consists of two primary components: a macro concept annotator and an explanation generator.,Enhancing Explainable Rating Prediction through Annotated Macro Concepts,No,No,Methodology,0
"The existing models are limited by the lack of semantic information in user and item embeddings, which limits their ability to generate explanations for recommendations.",Enhancing Explainable Rating Prediction through Annotated Macro Concepts,No,No,Motivation,0
The framework consists of two primary components: a macro concept annotator and an explanation generator.,Enhancing Explainable Rating Prediction through Annotated Macro Concepts,No,No,Methodology,0
"The existing models are limited by the lack of semantic information in user and item embeddings, which limits their ability to generate explanations for recommendations.",Enhancing Explainable Rating Prediction through Annotated Macro Concepts,No,No,Motivation,0
The framework consists of two primary components: a macro concept annotator and an explanation generator.,Enhancing Explainable Rating Prediction through Annotated Macro Concepts,No,No,Methodology,0
"The existing models are limited by the lack of semantic information in user and item embeddings, which limits their ability to generate explanations for recommendations.",Enhancing Explainable Rating Prediction through Annotated Macro Concepts,No,No,Motivation,0
"In this study, we aimed to investigate the extent to which large language models (LLMs) share grammatical knowledge with humans.",Evaluating Grammatical Well-Formedness in Large Language Models: A Comparative Study with Human Judgments,No,No,Motivation,0
"We replicated the binary judgement task from Lau et al. (2014, 2017) using a sliding scale judgement task.",Evaluating Grammatical Well-Formedness in Large Language Models: A Comparative Study with Human Judgments,No,No,Methodology,0
"We collected data from three preregistered experiments, including ChatGPT and Vicuna.",Evaluating Grammatical Well-Formedness in Large Language Models: A Comparative Study with Human Judgments,No,No,Methodology,0
"Our findings reveal that LLMs and humans share a considerable amount of knowledge in sentence grammaticality, with humans generally providing higher naturalness ratings for the original English sentences compared to the other stimuli.",Evaluating Grammatical Well-Formedness in Large Language Models: A Comparative Study with Human Judgments,No,No,Main Results,0
This suggests that LLMs and humans share a substantial amount of knowledge in sentence grammaticality.,Evaluating Grammatical Well-Formedness in Large Language Models: A Comparative Study with Human Judgments,No,No,Main Results,0
"The findings are consistent with the previous studies on the topic, which have demonstrated that LLMs and humans share a considerable amount of knowledge in sentence grammaticality.",Evaluating Grammatical Well-Formedness in Large Language Models: A Comparative Study with Human Judgments,No,No,Contribution,0
"We replicated the binary judgement task from Lau et al. (2014, 2017) using a sliding scale judgement task.",Evaluating Grammatical Well-Formedness in Large Language Models: A Comparative Study with Human Judgments,No,No,Methodology,0
"We collected data from three preregistered experiments, including ChatGPT and Vicuna.",Evaluating Grammatical Well-Formedness in Large Language Models: A Comparative Study with Human Judgments,No,No,Methodology,0
Our findings reveal that LLMs and humans share a considerable amount of knowledge in sentence grammaticality.,Evaluating Grammatical Well-Formedness in Large Language Models: A Comparative Study with Human Judgments,No,No,Main Results,0
LLMs and humans share a substantial amount of knowledge in sentence grammaticality.,Evaluating Grammatical Well-Formedness in Large Language Models: A Comparative Study with Human Judgments,No,No,Main Results,0
LLMs and humans share a substantial amount of knowledge in sentence grammaticality.,Evaluating Grammatical Well-Formedness in Large Language Models: A Comparative Study with Human Judgments,No,No,Main Results,0
LLMs and humans share a substantial amount of knowledge in sentence grammaticality.,Evaluating Grammatical Well-Formedness in Large Language Models: A Comparative Study with Human Judgments,No,No,Main Results,0
LLMs and humans share a substantial amount of knowledge in sentence grammaticality.,Evaluating Grammatical Well-Formedness in Large Language Models: A Comparative Study with Human Judgments,No,No,Main Results,0
LLMs and humans share a substantial amount of knowledge in sentence grammaticality.,Evaluating Grammatical Well-Formedness in Large Language Models: A Comparative Study with Human Judgments,No,No,Main Results,0
LLMs and humans share a substantial amount of knowledge in sentence grammaticality.,Evaluating Grammatical Well-Formedness in Large Language Models: A Comparative Study with Human Judgments,No,No,Main Results,0
LLMs and humans share a substantial amount of knowledge in sentence grammaticality.,Evaluating Grammatical Well-Formedness in Large Language Models: A Comparative Study with Human Judgments,No,No,Main Results,0
LLMs and humans share a substantial amount of knowledge in sentence grammaticality.,Evaluating Grammatical Well-Formedness in Large Language Models: A Comparative Study with Human Judgments,No,No,Main Results,0
LLMs and humans share a substantial amount of knowledge in sentence grammaticality.,Evaluating Grammatical Well-Formedness in Large Language Models: A Comparative Study with Human Judgments,No,No,Main Results,0
LLMs and humans share a substantial amount of knowledge in sentence grammaticality.,Evaluating Grammatical Well-Formedness in Large Language Models: A Comparative Study with Human Judgments,No,No,Main Results,0
LLMs and humans share a substantial amount of knowledge in sentence grammaticality.,Evaluating Grammatical Well-Formedness in Large Language Models: A Comparative Study with Human Judgments,No,No,Main Results,0
LLMs and humans share a substantial amount of knowledge in sentence grammaticality.,Evaluating Grammatical Well-Formedness in Large Language Models: A Comparative Study with Human Judgments,No,No,Main Results,0
LLMs and humans share a substantial amount of knowledge in sentence grammaticality.,Evaluating Grammatical Well-Formedness in Large Language Models: A Comparative Study with Human Judgments,No,No,Main Results,0
LLMs and humans share a substantial amount of knowledge in sentence grammaticality.,Evaluating Grammatical Well-Formedness in Large Language Models: A Comparative Study with Human Judgments,No,No,Main Results,0
LLMs and humans share a substantial amount of knowledge in sentence grammaticality.,Evaluating Grammatical Well-Formedness in Large Language Models: A Comparative Study with Human Judgments,No,No,Main Results,0
"In this study, we evaluate the proficiency of large language models (LLMs) in recognizing the lexical aspects of duration and telicity.",Evaluating Lexical Aspect with Large Language Models,No,No,Motivation,0
"We use a dataset of sentences, verbs, and their positions to prompt the LLMs in three different levels of prompting: sentence-only, sentence with verb, and sentence with verb and its position.",Evaluating Lexical Aspect with Large Language Models,No,No,Methodology,0
"Our experiments reveal that some LLMs are capable of capturing the lexical aspects of verbs, while others struggle with the challenge of capturing the aspectual features.",Evaluating Lexical Aspect with Large Language Models,No,No,Main Results,0
"The results show that LLMs can identify the two aspects of duration and telicity, but their performance varies depending on the prompt format and the level of context provided.",Evaluating Lexical Aspect with Large Language Models,No,No,Main Results,0
"The study highlights the need for further research to optimize LLMs for aspectual feature recognition, such as fine-tuning the models or incorporating additional linguistic knowledge into the training process.",Evaluating Lexical Aspect with Large Language Models,No,No,Contribution,0
The study also provides valuable insights into the challenges and opportunities of using LLMs for linguistic feature recognition.,Evaluating Lexical Aspect with Large Language Models,No,No,Contribution,0
"Overall, our study offers valuable insights into the challenges and opportunities of utilizing LLMs for linguistic feature recognition.",Evaluating Lexical Aspect with Large Language Models,No,No,Contribution,0
"In this study, we evaluate the performance of the state-of-the-art Vision-Language Model (VLM), SigLIP, in predicting labels for images depicting 1,278 concepts.",Evaluating Semantic Relations in Predicting Textual Labels for Images of Abstract and Concrete Concepts,No,No,Contribution,0
"Our analysis across 300 images per concept shows that the model frequently predicts the exact user-tagged labels, but also predicts semantically related labels such as synonyms, hypernyms, co-hyponyms, and associated words.",Evaluating Semantic Relations in Predicting Textual Labels for Images of Abstract and Concrete Concepts,No,No,Main Results,0
"The model also shows a diversity of user tags, with more user tags being associated with abstract concepts compared to concrete ones.",Evaluating Semantic Relations in Predicting Textual Labels for Images of Abstract and Concrete Concepts,Yes,No,Main Results,1
The results highlight the importance of considering semantic relationships in improving the representations of abstract and concrete concepts in VLMs.,Evaluating Semantic Relations in Predicting Textual Labels for Images of Abstract and Concrete Concepts,No,No,Contribution,0
We then zoom into the diversity of the user tags of images and word associations for abstract versus concrete concepts.,Evaluating Semantic Relations in Predicting Textual Labels for Images of Abstract and Concrete Concepts,No,No,Methodology,0
"Surprisingly, not only abstract but also concrete concepts exhibit significant variability, challenging the traditional view that representations of concrete concepts are less diverse.",Evaluating Semantic Relations in Predicting Textual Labels for Images of Abstract and Concrete Concepts,No,No,Main Results,0
The findings suggest that the use of semantic relationships and their associated words in VLMs can help in capturing the full range of human conceptual associations.,Evaluating Semantic Relations in Predicting Textual Labels for Images of Abstract and Concrete Concepts,No,No,Contribution,0
"Overall, the results show that the use of semantic relationships and their associated words in VLMs can help in capturing the full range of human conceptual associations.",Evaluating Semantic Relations in Predicting Textual Labels for Images of Abstract and Concrete Concepts,No,No,Contribution,0
The use of semantic relationships and their associated words in VLMs can help in capturing the full range of human conceptual associations.,Evaluating Semantic Relations in Predicting Textual Labels for Images of Abstract and Concrete Concepts,No,No,Contribution,0
The use of semantic relationships and their associated words in VLMs can help in capturing the full range of human conceptual associations.,Evaluating Semantic Relations in Predicting Textual Labels for Images of Abstract and Concrete Concepts,No,No,Contribution,0
The use of semantic relationships and their associated words in VLMs can help in capturing the full range of human conceptual associations.,Evaluating Semantic Relations in Predicting Textual Labels for Images of Abstract and Concrete Concepts,No,No,Contribution,0
The use of semantic relationships and their associated words in VLMs can help in capturing the full range of human conceptual associations.,Evaluating Semantic Relations in Predicting Textual Labels for Images of Abstract and Concrete Concepts,No,No,Contribution,0
The use of semantic relationships and their associated words in VLMs can help in capturing the full range of human conceptual associations.,Evaluating Semantic Relations in Predicting Textual Labels for Images of Abstract and Concrete Concepts,No,No,Contribution,0
The use of semantic relationships and their associated words in VLMs can help in capturing the full range of human conceptual associations.,Evaluating Semantic Relations in Predicting Textual Labels for Images of Abstract and Concrete Concepts,No,No,Contribution,0
The use of semantic relationships and their associated words in VLMs can help in capturing the full range of human conceptual associations.,Evaluating Semantic Relations in Predicting Textual Labels for Images of Abstract and Concrete Concepts,No,No,Contribution,0
The use of semantic relationships and their associated words in VLMs can help in capturing the full range of human conceptual associations.,Evaluating Semantic Relations in Predicting Textual Labels for Images of Abstract and Concrete Concepts,No,No,Contribution,0
The use of semantic relationships and their associated words in VLMs can help in capturing the full range of human conceptual associations.,Evaluating Semantic Relations in Predicting Textual Labels for Images of Abstract and Concrete Concepts,No,No,Contribution,0
The use of semantic relationships and their associated words in VLMs can help in capturing the full range of human conceptual associations.,Evaluating Semantic Relations in Predicting Textual Labels for Images of Abstract and Concrete Concepts,No,No,Contribution,0
The use of semantic relationships and their associated words in VLMs can help in capturing the full range of human conceptual associations.,Evaluating Semantic Relations in Predicting Textual Labels for Images of Abstract and Concrete Concepts,No,No,Contribution,0
The use of semantic relationships and their associated words in VLMs can help in capturing the full range of human conceptual associations.,Evaluating Semantic Relations in Predicting Textual Labels for Images of Abstract and Concrete Concepts,No,No,Contribution,0
"This paper investigates the adverbial discourse particle actually, a word with pragmatic functions, in cloze tests.","How Useful is Context, Actually? Comparing LLMs and Humans on Discourse Marker Prediction",No,No,Contribution,0
"We compare LLMs (Bert, RoBERTa, GPT-3.5, GPT-4) to humans on the same task.","How Useful is Context, Actually? Comparing LLMs and Humans on Discourse Marker Prediction",No,No,Methodology,0
We find that the relative placement of contextual information (preceding and following utterances) is crucial for LLMs to outperform humans.,"How Useful is Context, Actually? Comparing LLMs and Humans on Discourse Marker Prediction",Yes,No,Main Results,1
We provide models context in the form of preceding and following utterances.,"How Useful is Context, Actually? Comparing LLMs and Humans on Discourse Marker Prediction",No,No,Methodology,0
We compare the LLMs' performance to humans on the same task.,"How Useful is Context, Actually? Comparing LLMs and Humans on Discourse Marker Prediction",No,No,Methodology,0
"To evaluate prediction success, we use standard cloze tests, which consist of masking a word in an utterance or sequence of utterances and asking a model/human to predict the missing word.","How Useful is Context, Actually? Comparing LLMs and Humans on Discourse Marker Prediction",No,No,Methodology,0
"Our cloze test items are drawn from the Providence Corpus (Demuth et al., 2006) of transcribed everyday conversational speech around children, which represents an under-explored text-type in computational studies.","How Useful is Context, Actually? Comparing LLMs and Humans on Discourse Marker Prediction",No,No,Methodology,0
"We recruit human participants through the mTurk platform (Crowston, 2012) and compare their performance to artificial language models: GPT-3.5 and GPT-4 (Achiam et al., 2023; Brown et al., 2020), BERT (Devlin et al., 2018), RoBERTa (Liu et al., 2019), and ELECTRA (Clark et al., 2020).","How Useful is Context, Actually? Comparing LLMs and Humans on Discourse Marker Prediction",No,No,Methodology,0
"Humans' guessing accuracy on cloze-type tasks has improved with increased surrounding context and to depend on the placement of that context (Rubin, 1976).","How Useful is Context, Actually? Comparing LLMs and Humans on Discourse Marker Prediction",No,No,Methodology,0
"We, therefore, vary the amount and type of context available in the cloze examples.","How Useful is Context, Actually? Comparing LLMs and Humans on Discourse Marker Prediction",No,No,Methodology,0
"Our results show that GPT-4 prediction performance is on par with (in fact higher than) human subjects' performance, echoing very recent findings (Sravanthi et al., 2024) on other pragmatic language processing tasks.","How Useful is Context, Actually? Comparing LLMs and Humans on Discourse Marker Prediction",No,No,Main Results,0
Performance depends crucially on surrounding utterance context.,"How Useful is Context, Actually? Comparing LLMs and Humans on Discourse Marker Prediction",No,No,Main Results,0
Some amount of context is always helpful though different models and humans benefit from different placement of context.,"How Useful is Context, Actually? Comparing LLMs and Humans on Discourse Marker Prediction",No,No,Main Results,0
"For humans and the highest-performing model, GPT-4, preceding context is more helpful than following context.","How Useful is Context, Actually? Comparing LLMs and Humans on Discourse Marker Prediction",No,No,Main Results,0
"In an additional experiment, we compare cloze performance on synthetic LLM-generated examples to synthetic LLM-generated examples.","How Useful is Context, Actually? Comparing LLMs and Humans on Discourse Marker Prediction",Yes,No,Main Results,1
"Surprisingly, while human and model performance is quite similar for the corpus-sourced examples, three of the models vastly outperform human subjects on the synthetic examples.","How Useful is Context, Actually? Comparing LLMs and Humans on Discourse Marker Prediction",No,No,Main Results,0
The paper presents a comparative analysis of state-of-the-art large language models (LLMs) in morphological analysis of Finnish nouns.,LLMs' morphological analyses of complex FST-generated Finnish words,No,No,Contribution,0
"The authors evaluate the performance of GPT-4-turbo, GPT-3.5-turbo, and Llama2-70B models on the morphological analysis task.",LLMs' morphological analyses of complex FST-generated Finnish words,No,No,Methodology,0
"The authors find that GPT-4-turbo, GPT-3.5-turbo, and Llama2-70B models perform poorly in the task, with GPT-4-turbo not reaching the performance of simple RNNs trained with 80k words.",LLMs' morphological analyses of complex FST-generated Finnish words,No,No,Main Results,0
"The authors conclude that even a SOTA LLM, GPT-4-turbo, does not model Finnish morphology thoroughly enough to allow it to provide morphological analyses of rare and complex word forms with a high accuracy.",LLMs' morphological analyses of complex FST-generated Finnish words,No,No,Contribution,0
The authors argue that the debate on whether neural networks (NNs) can be accurate models of human language has been ongoing for decades.,LLMs' morphological analyses of complex FST-generated Finnish words,No,No,Motivation,0
The authors believe that the debate has been largely based on the question whether NNs can learn similar grammar rules as humans.,LLMs' morphological analyses of complex FST-generated Finnish words,No,No,Motivation,0
The authors argue that the debate has been largely based on the question whether NNs can learn and employ some other set of rules.,LLMs' morphological analyses of complex FST-generated Finnish words,No,No,Motivation,0
The authors aim to shed light on the issue by evaluating state-of-the-art LLMs in morphological analysis of Finnish nouns.,LLMs' morphological analyses of complex FST-generated Finnish words,No,No,Paper Goal,0
"The authors generate the forms using the FST tool, and they find that GPT-4-turbo, GPT-3.5-turbo, and Llama2-70B models perform poorly in the task.",LLMs' morphological analyses of complex FST-generated Finnish words,No,No,Methodology,0
The authors use the Omorfi library to generate inflected forms of Finnish nouns.,LLMs' morphological analyses of complex FST-generated Finnish words,No,No,Methodology,0
The authors use the Omorfi library to generate inflected forms of Finnish nouns.,LLMs' morphological analyses of complex FST-generated Finnish words,No,No,Methodology,0
The authors use the Omorfi library to generate inflected forms of Finnish nouns.,LLMs' morphological analyses of complex FST-generated Finnish words,No,No,Methodology,0
"The authors find that GPT-4-turbo, GPT-3.5-turbo, and Llama2-70B models perform poorly in the task.",LLMs' morphological analyses of complex FST-generated Finnish words,No,No,Main Results,0
"The authors find that GPT-4-turbo, GPT-3.5-turbo, and Llama2-70B models perform poorly in the task.",LLMs' morphological analyses of complex FST-generated Finnish words,No,No,Main Results,0
"The authors find that GPT-4-turbo, GPT-3.5-turbo, and Llama2-70B models perform poorly in the task.",LLMs' morphological analyses of complex FST-generated Finnish words,No,No,Main Results,0
"The paper presents a comprehensive analysis of the ability of recent large language models (LLMs) to derive atypicality inferences, a type of pragmatic inference that can be triggered by informational redundancy.",Large language models fail to derive atypicality inferences in a human-like manner,No,No,Contribution,0
The authors set out to test the LLMs on atypicality inferences under a zero-shot setting and found that they fail to systematically fail to derive atypicality inferences.,Large language models fail to derive atypicality inferences in a human-like manner,No,No,Main Results,0
The authors also conducted a series of experiments to investigate the derivation steps of atypicality inferences and the mechanisms underlying the failure.,Large language models fail to derive atypicality inferences in a human-like manner,No,No,Methodology,0
The authors first set up a zero-shot setting where the LLMs were put in the same conditions as humans.,Large language models fail to derive atypicality inferences in a human-like manner,No,No,Methodology,0
They found that the LLMs failed to systematically fail to derive atypicality inferences.,Large language models fail to derive atypicality inferences in a human-like manner,No,No,Main Results,0
"The authors then conducted a few-shot prompting experiment where the LLMs were prompted with two exemplars each, each exemplar being a different utterance condition.",Large language models fail to derive atypicality inferences in a human-like manner,No,No,Methodology,0
The authors found that the LLMs were able to derive atypicality inferences in the few-shot setting.,Large language models fail to derive atypicality inferences in a human-like manner,Yes,No,Main Results,1
The authors then conducted a perturbation analysis to investigate the mechanisms underlying the failure.,Large language models fail to derive atypicality inferences in a human-like manner,No,No,Methodology,0
They found that the LLMs were able to derive atypicality inferences by using script knowledge to identify redundancy and to infer the atypicality inferences.,Large language models fail to derive atypicality inferences in a human-like manner,Yes,No,Main Results,1
"The authors conclude that the LLMs are capable of deriving atypicality inferences, but they fail to systematically fail to derive atypicality inferences.",Large language models fail to derive atypicality inferences in a human-like manner,Yes,No,Contribution,1
The authors also conclude that the LLMs are able to derive atypicality inferences by using script knowledge to identify redundancy and to infer the atypicality inferences.,Large language models fail to derive atypicality inferences in a human-like manner,Yes,No,Contribution,1
The authors conclude that the LLMs are able to derive atypicality inferences by using script knowledge to identify redundancy and to infer the atypicality inferences.,Large language models fail to derive atypicality inferences in a human-like manner,Yes,No,Contribution,1
The authors conclude that the LLMs are able to derive atypicality inferences by using script knowledge to identify redundancy and to infer the atypicality inferences.,Large language models fail to derive atypicality inferences in a human-like manner,Yes,No,Contribution,1
The authors conclude that the LLMs are able to derive atypicality inferences by using script knowledge to identify redundancy and to infer the atypicality inferences.,Large language models fail to derive atypicality inferences in a human-like manner,Yes,No,Contribution,1
The authors conclude that the LLMs are able to derive atypicality inferences by using script knowledge to identify redundancy and to infer the atypicality inferences.,Large language models fail to derive atypicality inferences in a human-like manner,Yes,No,Contribution,1
The authors conclude that the LLMs are able to derive atypicality inferences by using script knowledge to identify redundancy and to infer the atypicality inferences.,Large language models fail to derive atypicality inferences in a human-like manner,Yes,No,Contribution,1
The authors conclude that the LLMs are able to derive atypicality inferences by using script knowledge to identify redundancy and to infer the atypicality inferences.,Large language models fail to derive atypicality inferences in a human-like manner,Yes,No,Contribution,1
The authors conclude that the LLMs are able to derive atypicality inferences by using script knowledge to identify redundancy and to,Large language models fail to derive atypicality inferences in a human-like manner,Yes,No,Contribution,1
Large language models (LLMs) have been shown to have remarkable abilities in learning and generating grammatically correct language.,Morphology Matters: Probing the Cross-linguistic Morphological Generalization Abilities of Large Language Models through a Wug Test,No,No,Motivation,0
The Wug Test is a well-known tool used to assess the morphological knowledge of children.,Morphology Matters: Probing the Cross-linguistic Morphological Generalization Abilities of Large Language Models through a Wug Test,No,No,Motivation,0
"This paper presents a multilingual version of the Wug Test, which is designed to evaluate the ability of LLMs to generalize their morphological knowledge to new, unfamiliar words.",Morphology Matters: Probing the Cross-linguistic Morphological Generalization Abilities of Large Language Models through a Wug Test,No,No,Contribution,0
"The study compares the performance of LLMs on the Wug Test across six different languages, including German, Vietnamese, Portuguese, Spanish, French, and Romanian.",Morphology Matters: Probing the Cross-linguistic Morphological Generalization Abilities of Large Language Models through a Wug Test,No,No,Methodology,0
"The results show that LLMs can generalize their morphological knowledge to new, unfamiliar words, but their success in generating the ""correct"" generalization (as judged by native human speakers) is predicted by a language's morphological complexity (specifically, integrative complexity).",Morphology Matters: Probing the Cross-linguistic Morphological Generalization Abilities of Large Language Models through a Wug Test,No,No,Main Results,0
The amount of training data has surprisingly little effect on LLMs' morphological generalization abilities within the analyzed languages.,Morphology Matters: Probing the Cross-linguistic Morphological Generalization Abilities of Large Language Models through a Wug Test,No,No,Main Results,0
The study by Weissweiler et al. (2023) on the Wug Test has provided valuable insights into the relationship between morphological complexity and LLMs' performance.,Morphology Matters: Probing the Cross-linguistic Morphological Generalization Abilities of Large Language Models through a Wug Test,No,No,Contribution,0
The study by Cotterell et al. (2018b) has shown that text in languages with rich inflectional morphology (and thus higher word entropy) is more difficult to predict by n-gram language models and LSTM-based language models.,Morphology Matters: Probing the Cross-linguistic Morphological Generalization Abilities of Large Language Models through a Wug Test,No,No,Contribution,0
"However, the study by Weissweiler et al. (2023) has found that LLMs can still generalize their morphological knowledge beyond the training data.",Morphology Matters: Probing the Cross-linguistic Morphological Generalization Abilities of Large Language Models through a Wug Test,No,No,Contribution,0
"The authors developed a multilingual version of the Wug Test, which is designed to evaluate the ability of LLMs to generalize their morphological knowledge to new, unfamiliar words.",Morphology Matters: Probing the Cross-linguistic Morphological Generalization Abilities of Large Language Models through a Wug Test,No,No,Methodology,0
"The study compares the performance of LLMs on the Wug Test across six different languages, including German, Vietnamese, Portuguese, Spanish, French, and Romanian.",Morphology Matters: Probing the Cross-linguistic Morphological Generalization Abilities of Large Language Models through a Wug Test,No,No,Methodology,0
"The authors employed GPT-4 (OpenAI, 2023) and GPT-3.5 (Ouyang et al., 2022) as the models to evaluate the performance of the LLMs.",Morphology Matters: Probing the Cross-linguistic Morphological Generalization Abilities of Large Language Models through a Wug Test,No,No,Methodology,0
"The results show that LLMs can generalize their morphological knowledge to new, unfamiliar words, but their success in generating the ""correct"" generalization (as judged by native human speakers) is predicted by a language's morphological complexity (specifically, integrative complexity).",Morphology Matters: Probing the Cross-linguistic Morphological Generalization Abilities of Large Language Models through a Wug Test,No,No,Main Results,0
The amount of training data has surprisingly little effect on LLMs' morphological generalization abilities within the analyzed languages.,Morphology Matters: Probing the Cross-linguistic Morphological Generalization Abilities of Large Language Models through a Wug Test,No,No,Main Results,0
"In this paper, we introduce four novel tasks centered around sports data analytics to evaluate the numerical reasoning and information fusion capabilities of Large Language Models (LLMs).",SportsMetrics: Blending Text and Numerical Data to Understand Information Fusion in LLMs,No,No,Contribution,0
"These tasks include providing detailed play-by-play descriptions of sports games, challenging LLMs with adversarial scenarios such as new game rules, longer durations, scrambled narratives, and analyzing key statistics in game summaries.",SportsMetrics: Blending Text and Numerical Data to Understand Information Fusion in LLMs,No,No,Methodology,0
We conduct extensive experiments on NBA and NFL games to assess the performance of LLMs on these tasks.,SportsMetrics: Blending Text and Numerical Data to Understand Information Fusion in LLMs,No,No,Methodology,0
"Our benchmark, SportsMetrics, introduces a new mechanism for assessing LLMs' numerical reasoning and data fusion skills.",SportsMetrics: Blending Text and Numerical Data to Understand Information Fusion in LLMs,No,No,Contribution,0
"This benchmark provides LLMs with detailed play-by-play descriptions of sports games, including timestamps, player actions, team affiliations, and game recap.",SportsMetrics: Blending Text and Numerical Data to Understand Information Fusion in LLMs,No,No,Methodology,0
"We focus on four novel tasks to evaluate LLMs in adversarial scenarios: (a) adapting to new game rules, (b) handling lengthy game descriptions, (c) managing scrambled game narratives, and (d) analyzing critical statistics in game summaries.",SportsMetrics: Blending Text and Numerical Data to Understand Information Fusion in LLMs,No,No,Methodology,0
The use of multi-document summarization offers a promising benchmark.,SportsMetrics: Blending Text and Numerical Data to Understand Information Fusion in LLMs,No,No,Motivation,0
"The challenge of developing a summary scoring system poses challenges due to variables such as summary length, content coverage, and faithfulness.",SportsMetrics: Blending Text and Numerical Data to Understand Information Fusion in LLMs,No,No,Motivation,0
"The use of large datasets such as the NBA game data and the NFL game data (Anil et al., 2023; 2022; 2021; 2020; 2019; 2018; 2017; 2016; 2015; 2014; 2013; 2012; 2011; 2010; 2009; 2008; 2007; 2006; 2005).",SportsMetrics: Blending Text and Numerical Data to Understand Information Fusion in LLMs,No,Yes,Motivation,1
The difference in culture between the U.S. and Japan is a popular subject for Western vs. Eastern cultural comparison.,Synchronizing Approach in Designing Annotation Guidelines for Multilingual Datasets: A COVID-19 Case Study Using English and Japanese Tweets,No,No,Motivation,0
One particular challenge is to obtain and annotate multilingual datasets.,Synchronizing Approach in Designing Annotation Guidelines for Multilingual Datasets: A COVID-19 Case Study Using English and Japanese Tweets,No,No,Motivation,0
"In this study, we utilized COVID-19 tweets from the two countries as a case study, focusing on discussions about masks.",Synchronizing Approach in Designing Annotation Guidelines for Multilingual Datasets: A COVID-19 Case Study Using English and Japanese Tweets,No,No,Contribution,0
The annotation task was designed to gain insights into societal attitudes toward the mask policies implemented in both countries.,Synchronizing Approach in Designing Annotation Guidelines for Multilingual Datasets: A COVID-19 Case Study Using English and Japanese Tweets,No,No,Methodology,0
The aim was to provide a practical approach for the annotation task by thoroughly documenting how we aligned the multilingual annotation guidelines to obtain a comparable dataset.,Synchronizing Approach in Designing Annotation Guidelines for Multilingual Datasets: A COVID-19 Case Study Using English and Japanese Tweets,No,No,Paper Goal,0
We proceeded to document the effective practices during our annotation process to synchronize our multilingual guidelines.,Synchronizing Approach in Designing Annotation Guidelines for Multilingual Datasets: A COVID-19 Case Study Using English and Japanese Tweets,No,No,Methodology,0
"Furthermore, we discussed difficulties caused by differences in expression style and culture, and potential strategies that helped improve our agreement scores and reduce discrepancies between the annotation results in both languages.",Synchronizing Approach in Designing Annotation Guidelines for Multilingual Datasets: A COVID-19 Case Study Using English and Japanese Tweets,No,No,Contribution,0
The close political bond and distinct cultural viewpoints have resulted in the U.S.-Japan comparison being a frequently studied topic among researchers interested in cultural contrasts and variations in Western and Eastern societal conventions.,Synchronizing Approach in Designing Annotation Guidelines for Multilingual Datasets: A COVID-19 Case Study Using English and Japanese Tweets,No,No,Motivation,0
"This extends to how they behave in daily life and how they responded to major world events, such as the pandemic, making it a great target for a multilingual annotation case study.",Synchronizing Approach in Designing Annotation Guidelines for Multilingual Datasets: A COVID-19 Case Study Using English and Japanese Tweets,No,No,Motivation,0
"In the early stages of the COVID-19 pandemic, many health personnel and epidemiologists advocated the importance of mask in curbing the spread of the disease.",Synchronizing Approach in Designing Annotation Guidelines for Multilingual Datasets: A COVID-19 Case Study Using English and Japanese Tweets,No,No,Motivation,0
"However, the U.S. and Japan displayed contrasting attitudes regarding policy implementation to control the spread of the disease, as demonstrated by their respective governments and citizens.",Synchronizing Approach in Designing Annotation Guidelines for Multilingual Datasets: A COVID-19 Case Study Using English and Japanese Tweets,No,No,Motivation,0
"This was also observed by Tso and Cowling (2020), who summarized the general use of masks from several countries, including the U.S. and Japan, and suggested further measures to improve mask effectiveness.",Synchronizing Approach in Designing Annotation Guidelines for Multilingual Datasets: A COVID-19 Case Study Using English and Japanese Tweets,No,No,Motivation,0
"While the general population recognized the importance of mask in the U.S., whether they actually wore them largely related to their demographics and their beliefs about societal value.",Synchronizing Approach in Designing Annotation Guidelines for Multilingual Datasets: A COVID-19 Case Study Using English and Japanese Tweets,No,No,Motivation,0
"On the other hand, wearing masks was common in Japan even before the pandemic, as observed in Suppasri et al. (2021) who had no issue with wearing masks.",Synchronizing Approach in Designing Annotation Guidelines for Multilingual Datasets: A COVID-19 Case Study Using English and Japanese Tweets,No,No,Motivation,0
Further information about how the two countries reacted to the pandemic can be seen from social media.,Synchronizing Approach in Designing Annotation Guidelines for Multilingual Datasets: A COVID-19 Case Study Using English and Japanese Tweets,No,No,Motivation,0
"The dataset consisted of English and Japanese tweets from January 1st, 2020.",Synchronizing Approach in Designing Annotation Guidelines for Multilingual Datasets: A COVID-19 Case Study Using English and Japanese Tweets,No,No,Methodology,0
The current study presents a comprehensive analysis of human and machine attention mechanisms in the context of the anaphora resolution task.,Transformer Attention vs Human Attention in Anaphora Resolution,No,No,Contribution,0
The authors collected an eye-tracking dataset based on the Winograd schema challenge task for the Russian language.,Transformer Attention vs Human Attention in Anaphora Resolution,No,No,Methodology,0
They conducted an extensive analysis of the correlations between human and machine attention maps across various transformer architectures and network layers.,Transformer Attention vs Human Attention in Anaphora Resolution,No,No,Methodology,0
The research aims to confirm whether integrating insights from human attention patterns can significantly improve the performance of neural networks in tasks such as anaphora resolution.,Transformer Attention vs Human Attention in Anaphora Resolution,No,No,Paper Goal,0
"The results reveal distinctions in the anaphora resolution processing, offering promising prospects for improving the performance of neural networks and understanding the cognitive nuances of human perception.",Transformer Attention vs Human Attention in Anaphora Resolution,No,No,Main Results,0
"The study also provides a comparative analysis of human and neural attention mechanisms, highlighting the strengths and weaknesses of both approaches.",Transformer Attention vs Human Attention in Anaphora Resolution,No,No,Contribution,0
The authors argue that the use of human gaze data in conjunction with machine attention mechanisms can lead to more accurate and effective language models.,Transformer Attention vs Human Attention in Anaphora Resolution,No,No,Contribution,0
The study also provides a detailed comparative analysis of human and neural attention mechanisms on the Winograd schema challenge.,Transformer Attention vs Human Attention in Anaphora Resolution,No,No,Contribution,0
The authors conclude that the use of human gaze data in conjunction with machine attention mechanisms can lead to more accurate and effective language models.,Transformer Attention vs Human Attention in Anaphora Resolution,No,No,Contribution,0
The study also provides a comparative analysis of human and neural attention mechanisms on the Winograd schema challenge.,Transformer Attention vs Human Attention in Anaphora Resolution,No,No,Contribution,0
The authors argue that the use of human gaze data in conjunction with machine attention mechanisms can lead to more accurate and effective language models.,Transformer Attention vs Human Attention in Anaphora Resolution,No,No,Contribution,0
The study also provides a comparative analysis of human and neural attention mechanisms on the Winograd schema challenge.,Transformer Attention vs Human Attention in Anaphora Resolution,No,No,Contribution,0
The authors argue that the use of human gaze data in conjunction with machine attention mechanisms can lead to more accurate and effective language models.,Transformer Attention vs Human Attention in Anaphora Resolution,No,No,Contribution,0
The study also provides a comparative analysis of human and neural attention mechanisms on the Winograd schema challenge.,Transformer Attention vs Human Attention in Anaphora Resolution,No,No,Contribution,0
The authors argue that the use of human gaze data in conjunction with machine attention mechanisms can lead to more accurate and effective language models.,Transformer Attention vs Human Attention in Anaphora Resolution,No,No,Contribution,0
The study also provides a comparative analysis of human and neural attention mechanisms on the Winograd schema challenge.,Transformer Attention vs Human Attention in Anaphora Resolution,No,No,Contribution,0
The authors argue that the use of human gaze data in conjunction with machine attention mechanisms can lead to more accurate and effective language models.,Transformer Attention vs Human Attention in Anaphora Resolution,No,No,Contribution,0
The study also provides a comparative analysis of human and neural attention mechanisms on the Winograd schema challenge.,Transformer Attention vs Human Attention in Anaphora Resolution,No,No,Contribution,0
The authors argue that the use of human gaze data in conjunction with machine attention mechanisms can lead to more accurate and effective language models.,Transformer Attention vs Human Attention in Anaphora Resolution,No,No,Contribution,0
The Bouba-Kiki Effect is a cross-modal association that humans have shown to be important for language processing and evolution.,What does Kiki look like? Cross-modal associations between speech sounds and visual shapes in vision-and-language models,No,No,Motivation,0
"The Bouba-Kiki effect refers to the association between speech sounds and visual shapes, which has been shown to be universal across different modalities.",What does Kiki look like? Cross-modal associations between speech sounds and visual shapes in vision-and-language models,Yes,No,Motivation,1
The Bouba-Kiki effect has been used to probe the cross-modal associations between speech sounds and visual shapes in humans.,What does Kiki look like? Cross-modal associations between speech sounds and visual shapes in vision-and-language models,No,No,Motivation,0
The authors used a well-known paradigm from the field of cognitive science to probe into a specific cross-modal association between speech sounds and visual shapes: the Bouba-Kiki effect.,What does Kiki look like? Cross-modal associations between speech sounds and visual shapes in vision-and-language models,No,No,Paper Goal,0
"They did not find conclusive evidence for this effect but suggest that results may depend on features of the models, such as architecture design, model size, and training details.",What does Kiki look like? Cross-modal associations between speech sounds and visual shapes in vision-and-language models,No,No,Main Results,0
The authors probe and compare four VLMs for the Bouba-Kiki effect.,What does Kiki look like? Cross-modal associations between speech sounds and visual shapes in vision-and-language models,No,No,Methodology,0
"They do not find conclusive evidence for this effect but suggest that results may depend on features of the models, such as architecture design, model size, and training details.",What does Kiki look like? Cross-modal associations between speech sounds and visual shapes in vision-and-language models,No,No,Main Results,0
The authors analyze the VLM probability scores using Bayesian models with the brms package in R.,What does Kiki look like? Cross-modal associations between speech sounds and visual shapes in vision-and-language models,No,No,Methodology,0
They fit Bayesian multilevel linear models to predict the probability of each cross-modal association.,What does Kiki look like? Cross-modal associations between speech sounds and visual shapes in vision-and-language models,No,No,Methodology,0
The authors analyze the VLM probability scores in two ways.,What does Kiki look like? Cross-modal associations between speech sounds and visual shapes in vision-and-language models,No,No,Methodology,0
"They compare the results of VLM probing to the performance of human participants (Nielsen and Rendall, 2013).",What does Kiki look like? Cross-modal associations between speech sounds and visual shapes in vision-and-language models,No,No,Main Results,0
"For BLIP2, CLIP, and ViLT, they compare the probabilities of syllables and pseudowords conditioned on the image.",What does Kiki look like? Cross-modal associations between speech sounds and visual shapes in vision-and-language models,No,No,Main Results,0
The authors compare the probabilities of syllables and pseudowords for each cross-modal association between speech sounds and visual shapes.,What does Kiki look like? Cross-modal associations between speech sounds and visual shapes in vision-and-language models,No,No,Methodology,0
The authors discuss the implications of the Bouba-Kiki effect for language processing and evolution.,What does Kiki look like? Cross-modal associations between speech sounds and visual shapes in vision-and-language models,No,No,Contribution,0
They argue that the Bouba-Kiki effect is a universal cross-modal association that can be used to probe cross-modal associations in humans.,What does Kiki look like? Cross-modal associations between speech sounds and visual shapes in vision-and-language models,Yes,No,Contribution,1
The authors conclude that the Bouba-Kiki effect is a cross-modal association that can be used to probe cross-modal associations in humans.,What does Kiki look like? Cross-modal associations between speech sounds and visual shapes in vision-and-language models,No,No,Contribution,0
"Alper and Averbuch-Elor (2023): Two models, CLIP (Radford et al., 2021) and Stable Diffusion (Rombach et al., 2022), were tested for the Bouba-Kiki effect.",What does Kiki look like? Cross-modal associations between speech sounds and visual shapes in vision-and-language models,No,No,Contribution,0
This study showed that the Bouba-Kiki effect is a universal cross-modal association.,What does Kiki look like? Cross-modal associations between speech sounds and visual shapes in vision-and-language models,Yes,No,Contribution,1
